SiteName,Type,Date,Event,Species,FL_mm,TL_mm,SL_mm,SI,Race,Mort,Comments
91.9R,Naturalized,1/25/13,1,CHN,40,42,NA,2,F,f,
91.9R,Naturalized,1/25/13,1,CHN,38,40,NA,2,F,f,
91.9R,Naturalized,1/25/13,1,CHN,40,42,NA,2,F,f,
91.9R,Naturalized,1/25/13,1,CHN,40,42,NA,2,F,f,
91.9R,Naturalized,1/25/13,1,CHN,46,48,NA,2,F,f,
91.9R,Naturalized,1/25/13,1,CHN,38,40,NA,2,F,f,
91.9R,Naturalized,1/25/13,1,CHN,47,50,NA,3,F,f,
91.9R,Naturalized,1/25/13,1,CHN,48,52,NA,3,S,f,
91.9R,Naturalized,1/25/13,1,BAS,305,310,NA,NA,NA,f,
91.9R,Naturalized,1/25/13,1,BAS,255,260,NA,NA,NA,f,
91.9R,Naturalized,1/25/13,1,MSS,58,23,NA,NA,NA,f,
91.9R,Naturalized,1/25/13,1,MSS,56,60,NA,NA,NA,f,
91.9R,Naturalized,1/25/13,1,MSS,65,70,NA,NA,NA,f,
91.9R,Naturalized,1/25/13,1,MSS,42,46,NA,NA,NA,f,
91.9R,Naturalized,1/25/13,1,MSS,45,49,NA,NA,NA,f,
91.9R,Naturalized,1/25/13,1,MSS,55,60,NA,NA,NA,f,
91.9R,Naturalized,1/25/13,1,MSS,55,60,NA,NA,NA,f,
91.9R,Naturalized,1/25/13,1,MSS,55,60,NA,NA,NA,f,
91.9R,Naturalized,1/25/13,1,MSS,53,58,NA,NA,NA,f,
91.9R,Naturalized,1/25/13,1,MSS,63,58,NA,NA,NA,f,
91.9R,Naturalized,1/25/13,1,MSS,57,61,NA,NA,NA,f,
91.9R,Naturalized,1/25/13,1,MSS,56,60,NA,NA,NA,f,
91.9R,Naturalized,1/25/13,1,MSS,60,65,NA,NA,NA,f,
91.9R,Naturalized,1/25/13,1,MSS,72,77,NA,NA,NA,f,
91.9R,Naturalized,1/25/13,1,MSS,64,68,NA,NA,NA,f,
91.9R,Naturalized,1/25/13,1,MSS,65,71,NA,NA,NA,f,
91.9R,Naturalized,1/25/13,1,MSS,65,70,NA,NA,NA,f,
91.9R,Naturalized,1/25/13,1,MSS,62,67,NA,NA,NA,f,
91.9R,Naturalized,1/25/13,1,MSS,57,60,NA,NA,NA,f,
91.9R,Naturalized,1/25/13,1,MSS,65,70,NA,NA,NA,f,
91.9R,Naturalized,1/25/13,1,MSS,55,59,NA,NA,NA,f,
91.9R,Naturalized,1/25/13,1,MSS,55,58,NA,NA,NA,f,
91.9R,Naturalized,1/25/13,1,MSS,60,65,NA,NA,NA,f,
91.9R,Naturalized,1/25/13,1,MSS,60,70,NA,NA,NA,f,
91.9R,Naturalized,1/25/13,1,MSS,57,62,NA,NA,NA,f,
91.9R,Naturalized,1/25/13,1,MSS,52,57,NA,NA,NA,f,
91.9R,Naturalized,1/25/13,1,MSS,65,70,NA,NA,NA,f,
91.9R,Naturalized,1/25/13,1,MSS,65,71,NA,NA,NA,f,
91.9R,Naturalized,1/25/13,1,MSS,55,59,NA,NA,NA,f,
91.9R,Naturalized,1/25/13,1,MSS,65,70,NA,NA,NA,f,
91.9R,Naturalized,1/25/13,1,MSS,45,48,NA,NA,NA,f,
91.9R,Naturalized,1/25/13,1,MSS,55,59,NA,NA,NA,f,
91.9R,Naturalized,1/25/13,1,MSS,64,68,NA,NA,NA,f,
91.9R,Naturalized,1/25/13,1,MSS,48,51,NA,NA,NA,f,
91.9R,Naturalized,1/25/13,1,MSS,55,60,NA,NA,NA,f,
91.9R,Naturalized,1/25/13,1,MSS,60,65,NA,NA,NA,f,
91.9R,Naturalized,1/25/13,1,MSS,68,72,NA,NA,NA,f,
91.9R,Naturalized,1/25/13,1,MSS,65,70,NA,NA,NA,f,
91.9R,Naturalized,1/25/13,1,MSS,52,56,NA,NA,NA,f,
91.9R,Naturalized,1/25/13,1,MSS,65,69,NA,NA,NA,f,
91.9R,Naturalized,1/25/13,1,MSS,NA,NA,NA,NA,NA,f,
91.9R,Naturalized,1/25/13,1,MSS,NA,NA,NA,NA,NA,f,
91.9R,Naturalized,1/25/13,1,MSS,NA,NA,NA,NA,NA,f,
91.9R,Naturalized,1/25/13,1,MSS,NA,NA,NA,NA,NA,f,
91.9R,Naturalized,1/25/13,1,MSS,NA,NA,NA,NA,NA,f,
91.9R,Naturalized,1/25/13,1,MSS,NA,NA,NA,NA,NA,f,
91.9R,Naturalized,1/25/13,1,MSS,NA,NA,NA,NA,NA,f,
91.9R,Naturalized,1/25/13,1,MSS,NA,NA,NA,NA,NA,f,
91.9R,Naturalized,1/25/13,1,MSS,60,66,NA,NA,NA,f,
91.9R,Naturalized,1/25/13,1,MSS,55,60,NA,NA,NA,f,
91.9R,Naturalized,1/25/13,1,MSS,45,50,NA,NA,NA,f,
91.9R,Naturalized,1/25/13,1,MSS,55,60,NA,NA,NA,f,
91.9R,Naturalized,1/25/13,1,MSS,55,60,NA,NA,NA,f,
91.9R,Naturalized,1/25/13,1,MSS,50,54,NA,NA,NA,f,
91.9R,Naturalized,1/25/13,1,MSS,55,60,NA,NA,NA,f,
91.9R,Naturalized,1/25/13,1,MSS,58,62,NA,NA,NA,f,
91.9R,Naturalized,1/25/13,1,MSS,58,62,NA,NA,NA,f,
91.9R,Naturalized,1/25/13,1,MSS,53,56,NA,NA,NA,f,
91.9R,Naturalized,1/25/13,1,MSS,115,126,NA,5,NA,f,
91.9R,Naturalized,1/25/13,1,RBT,238,245,NA,NA,NA,f,AD CLIP 
91.9R,Naturalized,1/25/13,1,RBT,220,230,NA,NA,NA,f,AD CLIP 
91.9R,Naturalized,1/25/13,1,RBT,230,238,NA,NA,NA,f,AD CLIP 
91.9R,Naturalized,1/25/13,1,RBT,215,220,NA,NA,NA,f,AD CLIP 
91.9R,Naturalized,1/25/13,1,RBT,225,230,NA,NA,NA,f,AD CLIP 
91.9R,Naturalized,1/25/13,1,RBT,228,236,NA,NA,NA,f,AD CLIP 
91.9R,Naturalized,1/25/13,1,RBT,216,222,NA,NA,NA,f,AD CLIP 
91.9R,Naturalized,1/25/13,1,RBT,224,234,NA,NA,NA,f,AD CLIP 
91.9R,Naturalized,1/25/13,1,RBT,251,259,NA,NA,NA,f,AD CLIP 
91.9R,Naturalized,1/25/13,1,RBT,240,248,NA,NA,NA,f,AD CLIP 
91.9R,Naturalized,1/25/13,1,RBT,226,232,NA,NA,NA,f,AD CLIP 
91.9R,Naturalized,1/25/13,1,RBT,234,243,NA,NA,NA,f,AD CLIP 
91.9R,Naturalized,1/25/13,1,RSN,47,50,NA,NA,NA,f,
91.9R,Naturalized,1/25/13,1,RSN,50,53,NA,NA,NA,f,
91.9R,Naturalized,1/25/13,1,RSN,40,42,NA,NA,NA,f,
91.9R,Naturalized,1/25/13,1,RSN,47,50,NA,NA,NA,f,
91.9R,Naturalized,1/25/13,1,RSN,47,50,NA,NA,NA,f,
91.9R,Naturalized,1/25/13,1,RSN,32,33,NA,NA,NA,f,
91.9R,Naturalized,1/25/13,1,RSN,55,58,NA,NA,NA,f,
91.9R,Naturalized,1/25/13,1,SASQ,180,197,NA,NA,NA,f,
91.9R,Naturalized,1/25/13,1,SASQ,190,209,NA,NA,NA,f,
91.9R,Naturalized,1/25/13,1,SASQ,90,97,NA,NA,NA,f,
90.8R,Naturalized,1/25/13,1,CHN,41,43,NA,2,F,f,
90.8R,Naturalized,1/25/13,1,CHN,42,44,NA,2,F,f,
90.8R,Naturalized,1/25/13,1,CHN,37,39,NA,2,F,f,
90.8R,Naturalized,1/25/13,1,CHN,36,38,NA,2,F,f,
90.8R,Naturalized,1/25/13,1,CHN,35,37,NA,2,F,f,
90.8R,Naturalized,1/25/13,1,CHN,36,38,NA,2,F,f,
90.8R,Naturalized,1/25/13,1,CHN,44,47,NA,2,F,f,
90.8R,Naturalized,1/25/13,1,CHN,38,40,NA,2,F,f,
90.8R,Naturalized,1/25/13,1,CHN,35,37,NA,2,F,f,
90.8R,Naturalized,1/25/13,1,GSN,45,46,NA,NA,NA,f,
90.8R,Naturalized,1/25/13,1,MSS,70,74,NA,NA,NA,f,
90.8R,Naturalized,1/25/13,1,MSS,62,67,NA,NA,NA,f,
90.8R,Naturalized,1/25/13,1,MSS,50,53,NA,NA,NA,f,
90.8R,Naturalized,1/25/13,1,MSS,62,67,NA,NA,NA,f,
90.8R,Naturalized,1/25/13,1,MSS,65,70,NA,NA,NA,f,
90.8R,Naturalized,1/25/13,1,MSS,62,66,NA,NA,NA,f,
90.8R,Naturalized,1/25/13,1,MSS,69,77,NA,NA,NA,f,
90.8R,Naturalized,1/25/13,1,MSS,61,66,NA,NA,NA,f,
90.8R,Naturalized,1/25/13,1,MSS,62,66,NA,NA,NA,f,
90.8R,Naturalized,1/25/13,1,MSS,71,77,NA,NA,NA,f,
90.8R,Naturalized,1/25/13,1,MSS,55,59,NA,NA,NA,f,
90.8R,Naturalized,1/25/13,1,MSS,56,59,NA,NA,NA,f,
90.8R,Naturalized,1/25/13,1,MSS,63,67,NA,NA,NA,f,
90.8R,Naturalized,1/25/13,1,MSS,48,52,NA,NA,NA,f,
90.8R,Naturalized,1/25/13,1,MSS,60,64,NA,NA,NA ,f,
90.8R,Naturalized,1/25/13,1,RSN,46,49,NA,NA,NA,f,
90.8R,Naturalized,1/25/13,1,RSN,42,45,NA,NA,NA,f,
90.8R,Naturalized,1/25/13,1,RSN,50,53,NA,NA,NA,f,
90.8R,Naturalized,1/25/13,1,RSN,40,42,NA,NA,NA,f,
90.8R,Naturalized,1/25/13,1,SASU,32,33,NA,NA,NA,f,
90.8R,Naturalized,1/25/13,1,SASU,38,40,NA,NA,NA,f,
90.8R,Naturalized,1/25/13,1,SASU,35,37,NA,NA,NA,f,
90.8R,Naturalized,1/25/13,1,SASU,48,50,NA,NA,NA,f,
90.8L,Unmitigated,1/25/13,1,CHN,38,40,NA,2,F,f,
90.8L,Unmitigated,1/25/13,1,CHN,36,38,NA,2,F,f,
90.8L,Unmitigated,1/25/13,1,CHN,44,47,NA,2,F,f,
90.8L,Unmitigated,1/25/13,1,CHN,44,46,NA,2,F,f,
90.8L,Unmitigated,1/25/13,1,CHN,38,40,NA,2,F,f,
90.8L,Unmitigated,1/25/13,1,MSS,55,58,NA,NA,NA,f,
90.8L,Unmitigated,1/25/13,1,MSS,68,73,NA,NA,NA,f,
90.8L,Unmitigated,1/25/13,1,MSS,65,69,NA,NA,NA,f,
90.8L,Unmitigated,1/25/13,1,MSS,62,66,NA,NA,NA,f,
90.8L,Unmitigated,1/25/13,1,MSS,65,70,NA,NA,NA,f,
90.8L,Unmitigated,1/25/13,1,MSS,58,63,NA,NA,NA,f,
90.8L,Unmitigated,1/25/13,1,MSS,56,60,NA,NA,NA,f,
90.8L,Unmitigated,1/25/13,1,MSS,40,43,NA,NA,NA,f,
90.8L,Unmitigated,1/25/13,1,MSS,57,61,NA,NA,NA,f,
90.8L,Unmitigated,1/25/13,1,MSS,NA,NA,NA,NA,NA,f,
90.8L,Unmitigated,1/25/13,1,RBT,240,245,NA,5,NA,f,AD CLIP 
90.8L,Unmitigated,1/25/13,1,RBT,220,227,NA,5,NA,f,AD CLIP 
90.8L,Unmitigated,1/25/13,1,RBT,320,330,NA,5,NA,f,
90.8L,Unmitigated,1/25/13,1,RSN,37,38,NA,NA,NA,f,
90.8L,Unmitigated,1/25/13,1,SASU,32,34,NA,NA,NA,f,
90.8L,Unmitigated,1/25/13,1,SASU,40,42,NA,NA,NA,f,
87.0L,Slope,1/25/13,1,CHN,42,45,NA,2,F,f,
87.0L,Slope,1/25/13,1,CHN,38,40,NA,2,F,f,
87.0L,Slope,1/25/13,1,CHN,36,38,NA,2,F,f,
87.0L,Slope,1/25/13,1,CHN,36,38,NA,2,F,f,
87.0L,Slope,1/25/13,1,CHN,35,37,NA,2,F,f,
87.0L,Slope,1/25/13,1,CHN,43,46,NA,2,F,f,
87.0L,Slope,1/25/13,1,CHN,38,40,NA,2,F,f,
87.0L,Slope,1/25/13,1,CHN,40,42,NA,2,F,f,
87.0L,Slope,1/25/13,1,CHN,39,41,NA,2,F,f,
87.0L,Slope,1/25/13,1,CHN,38,40,NA,2,F,f,
87.0L,Slope,1/25/13,1,CHN,38,40,NA,2,F,f,
87.0L,Slope,1/25/13,1,CHN,38,40,NA,2,F,f,
87.0L,Slope,1/25/13,1,CHN,38,40,NA,2,F,f,
87.0L,Slope,1/25/13,1,CHN,40,42,NA,2,F,f,
87.0L,Slope,1/25/13,1,CHN,38,40,NA,2,F,f,
87.0L,Slope,1/25/13,1,CHN,38,40,NA,2,F,f,
87.0L,Slope,1/25/13,1,CHN,38,40,NA,2,F,f,
87.0L,Slope,1/25/13,1,CHN,38,40,NA,2,F,f,
87.0L,Slope,1/25/13,1,MSS,52,57,NA,NA,NA,f,
87.0L,Slope,1/25/13,1,MSS,52,56,NA,NA,NA,f,
87.0L,Slope,1/25/13,1,MSS,58,63,NA,NA,NA,f,
87.0L,Slope,1/25/13,1,MSS,71,77,NA,NA,NA,f,
87.0L,Slope,1/25/13,1,MSS,48,52,NA,NA,NA,f,
87.0L,Slope,1/25/13,1,MSS,45,48,NA,NA,NA,f,
87.0L,Slope,1/25/13,1,MSS,55,58,NA,NA,NA,f,
87.0L,Slope,1/25/13,1,MSS,57,62,NA,NA,NA,f,
87.0L,Slope,1/25/13,1,MSS,50,54,NA,NA,NA,f,
87.0L,Slope,1/25/13,1,MSS,62,67,NA,NA,NA,f,
87.0L,Slope,1/25/13,1,MSS,55,58,NA,NA,NA,f,
87.0L,Slope,1/25/13,1,MSS,47,49,NA,NA,NA,f,
87.0L,Slope,1/25/13,1,MSS,51,55,NA,NA,NA,f,
87.0L,Slope,1/25/13,1,MSS,47,49,NA,NA,NA,f,
87.0L,Slope,1/25/13,1,MSS,55,59,NA,NA,NA,f,
87.0L,Slope,1/25/13,1,MSS,38,40,NA,NA,NA,f,
87.0L,Slope,1/25/13,1,MSS,60,65,NA,NA,NA,f,
87.0L,Slope,1/25/13,1,MSS,60,64,NA,NA,NA,f,
87.0L,Slope,1/25/13,1,MSS,55,58,NA,NA,NA,f,
87.0L,Slope,1/25/13,1,SASQ,52,56,NA,NA,NA,f,
87.0L,Slope,1/25/13,1,TP,78,82,NA,NA,NA,f,
85.6R,NoBench,1/25/13,1,BGS,101,107,NA,NA,NA,f,
85.6R,NoBench,1/25/13,1,BGS,100,106,NA,NA,NA,f,
85.6R,NoBench,1/25/13,1,BGS,55,59,NA,NA,NA,f,
85.6R,NoBench,1/25/13,1,BGS,50,51,NA,NA,NA,f,
85.6R,NoBench,1/25/13,1,CHN,36,38,NA,NA,F,f,
85.6R,NoBench,1/25/13,1,CHN,35,37,NA,NA,F,f,
85.6R,NoBench,1/25/13,1,MSS,46,49,NA,NA,NA,f,
85.6R,NoBench,1/25/13,1,SASQ,160,172,NA,NA,NA,f,
85.6R,NoBench,1/25/13,1,SASQ,192,205,NA,NA,NA,f,
85.6R,NoBench,1/25/13,1,SASQ,125,132,NA,NA,NA,f,
85.6R,NoBench,1/25/13,1,SASQ,129,139,NA,NA,NA,f,
85.6R,NoBench,1/25/13,1,SASQ,68,75,NA,NA,NA,f,
85.6R,NoBench,1/25/13,1,SASQ,57,NA,NA,NA,NA,f,
85.6R,NoBench,1/25/13,1,SASQ,72,78,NA,NA,NA,f,
85.6R,NoBench,1/25/13,1,SASQ,76,81,NA,NA,NA,f,
85.6R,NoBench,1/25/13,1,SASQ,69,73,NA,NA,NA,f,
85.6R,NoBench,1/25/13,1,SASQ,90,100,NA,NA,NA,f,
85.6R,NoBench,1/25/13,1,SASQ,72,79,NA,NA,NA,f,
85.6R,NoBench,1/25/13,1,SASQ,95,104,NA,NA,NA,f,
85.6R,NoBench,1/25/13,1,SASQ,67,74,NA,NA,NA,f,
85.6R,NoBench,1/25/13,1,SASQ,90,100,NA,NA,NA,f,
85.6R,NoBench,1/25/13,1,SASQ,54,59,NA,NA,NA,f,
85.6R,NoBench,1/25/13,1,SASQ,80,87,NA,NA,NA,f,
85.6R,NoBench,1/25/13,1,SASQ,72,79,NA,NA,NA,f,
85.6R,NoBench,1/25/13,1,SASQ,70,78,NA,NA,NA,f,
85.6R,NoBench,1/25/13,1,SASQ,59,63,NA,NA,NA,f,
85.6R,NoBench,1/25/13,1,SASQ,55,60,NA,NA,NA,f,
85.6R,NoBench,1/25/13,1,SASQ,NA,NA,NA,NA,NA,f,
85.6R,NoBench,1/25/13,1,SASQ,NA,NA,NA,NA,NA,f,
85.6R,NoBench,1/25/13,1,SASQ,68,73,NA,NA,NA,f,
85.6R,NoBench,1/25/13,1,SASQ,72,77,NA,NA,NA,f,
85.6R,NoBench,1/25/13,1,SASQ,70,74,NA,NA,NA,f,
85.6R,NoBench,1/25/13,1,SASQ,85,90,NA,NA,NA,f,
85.6R,NoBench,1/25/13,1,BAS,63,65,NA,NA,NA,f,
85.6R,NoBench,1/25/13,1,SPLT,79,88,NA,NA,NA,f,
85.6R,NoBench,1/25/13,1,SPLT,64,69,NA,NA,NA,f,
85.6L,Unmitigated,1/25/13,1,CHN,43,46,NA,NA,F,f,
85.6L,Unmitigated,1/25/13,1,CHN,36,38,NA,NA,F,f,
85.6L,Unmitigated,1/25/13,1,CHN,36,38,NA,NA,F,f,
85.6L,Unmitigated,1/25/13,1,CHN,42,45,NA,NA,F,f,
85.6L,Unmitigated,1/25/13,1,CHN,46,49,NA,NA,F,f,
85.6L,Unmitigated,1/25/13,1,CHN,38,40,NA,NA,F,f,
85.6L,Unmitigated,1/25/13,1,CHN,42,44,NA,NA,F,f,
85.6L,Unmitigated,1/25/13,1,CHN,163,174,NA,NA,LF,f,AD CLIP 
85.6L,Unmitigated,1/25/13,1,GSN,50,51,NA,NA,NA,f,
85.6L,Unmitigated,1/25/13,1,RSN,55,58,NA,NA,NA,f,
85.6L,Unmitigated,1/25/13,1,RSN,45,46,NA,NA,NA,f,
85.6L,Unmitigated,1/25/13,1,SASU,75,80,NA,NA,NA,f,
91.9R,Naturalized,1/31/13,2,BAS,255,265,NA,NA,NA,f,
91.9R,Naturalized,1/31/13,2,CHN,49,52,NA,2,F,f,
91.9R,Naturalized,1/31/13,2,CHN,46,50,NA,2,F,f,
91.9R,Naturalized,1/31/13,2,CHN,39,42,NA,2,F,f,
91.9R,Naturalized,1/31/13,2,CHN,45,48,NA,2,F,f,
91.9R,Naturalized,1/31/13,2,CHN,38,40,NA,2,F,f,
91.9R,Naturalized,1/31/13,2,CHN,38,40,NA,2,F,f,
91.9R,Naturalized,1/31/13,2,CHN,38,40,NA,2,F,f,
91.9R,Naturalized,1/31/13,2,MSS,60,66,NA,NA,NA,f,
91.9R,Naturalized,1/31/13,2,MSS,63,69,NA,NA,NA,f,
91.9R,Naturalized,1/31/13,2,MSS,70,76,NA,NA,NA,f,
91.9R,Naturalized,1/31/13,2,MSS,62,66,NA,NA,NA,f,
91.9R,Naturalized,1/31/13,2,MSS,40,49,NA,NA,NA,f,
91.9R,Naturalized,1/31/13,2,RSN,50,55,NA,NA,NA,f,
91.9R,Naturalized,1/31/13,2,RSN,60,63,NA,NA,NA,f,
91.9R,Naturalized,1/31/13,2,SASQ,175,188,NA,NA,NA,f,
90.8R,Naturalized,1/31/13,2,CHN,37,39,NA,2,F,f,
90.8R,Naturalized,1/31/13,2,CHN,38,40,NA,2,F,f,
90.8R,Naturalized,1/31/13,2,CHN,36,38,NA,2,F,f,
90.8R,Naturalized,1/31/13,2,CHN,38,40,NA,2,F,f,
90.8R,Naturalized,1/31/13,2,CHN,38,40,NA,2,F,f,
90.8R,Naturalized,1/31/13,2,CHN,38,40,NA,2,F,f,
90.8R,Naturalized,1/31/13,2,CHN,40,42,NA,2,F,f,
90.8R,Naturalized,1/31/13,2,MSS,65,69,NA,NA,NA,f,
90.8R,Naturalized,1/31/13,2,RBT,221,230,NA,5,NA,f,
90.8R,Naturalized,1/31/13,2,RBT,207,217,NA,5,NA,f,
90.8R,Naturalized,1/31/13,2,RBT,213,220,NA,5,NA,f,
90.8R,Naturalized,1/31/13,2,RBT,224,233,NA,5,NA,f,
90.8R,Naturalized,1/31/13,2,SASQ,192,210,NA,NA,NA,f,
90.8L,Unmitigated,1/31/13,2,CHN,36,38,NA,2,F,f,
90.8L,Unmitigated,1/31/13,2,CHN,40,42,NA,2,F,f,
90.8L,Unmitigated,1/31/13,2,CHN,35,37,NA,2,F,f,
90.8L,Unmitigated,1/31/13,2,CHN,98,104,NA,3,W,f,
90.8L,Unmitigated,1/31/13,2,SASU,41,42,NA,NA,NA,f,
87.0L,Slope,1/31/13,2,CHN,43,46,NA,2,F,f,
87.0L,Slope,1/31/13,2,CHN,45,48,NA,2,F,f,
87.0L,Slope,1/31/13,2,CHN,39,41,NA,2,F,f,
87.0L,Slope,1/31/13,2,CHN,38,40,NA,2,F,f,
87.0L,Slope,1/31/13,2,MSS,65,69,NA,NA,NA,f,
87.0L,Slope,1/31/13,2,MSS,60,65,NA,NA,NA,f,
87.0L,Slope,1/31/13,2,MSS,65,70,NA,NA,NA,f,
87.0L,Slope,1/31/13,2,MSS,56,60,NA,NA,NA,f,
87.0L,Slope,1/31/13,2,MSS,61,66,NA,NA,NA,f,
87.0L,Slope,1/31/13,2,MSS,65,70,NA,NA,NA,f,
87.0L,Slope,1/31/13,2,SASU,50,53,NA,NA,NA,f,
85.6R,NoBench,1/31/13,2,BAS,185,195,NA,NA,NA,f,
85.6R,NoBench,1/31/13,2,CHN,40,42,NA,2,F,f,
85.6R,NoBench,1/31/13,2,CHN,36,38,NA,2,F,f,
85.6R,NoBench,1/31/13,2,CHN,36,38,NA,2,F,f,
85.6R,NoBench,1/31/13,2,CHN,36,38,NA,2,F,f,
85.6R,NoBench,1/31/13,2,CHN,38,40,NA,2,F,f,
85.6R,NoBench,1/31/13,2,CHN,120,130,NA,5,W,f,
85.6R,NoBench,1/31/13,2,MSS,52,56,NA,NA,NA,f,
85.6R,NoBench,1/31/13,2,RBT,190,195,NA,NA,NA,f,
85.6R,NoBench,1/31/13,2,SASQ,156,170,NA,NA,NA,f,
85.6R,NoBench,1/31/13,2,SASQ,160,172,NA,NA,NA,f,
85.6R,NoBench,1/31/13,2,SASQ,196,202,NA,NA,NA,f,
85.6R,NoBench,1/31/13,2,SASQ,74,81,NA,NA,NA,f,
85.6R,NoBench,1/31/13,2,SASQ,75,81,NA,NA,NA,f,
85.6R,NoBench,1/31/13,2,SASQ,87,93,NA,NA,NA,f,
85.6R,NoBench,1/31/13,2,SASQ,76,81,NA,NA,NA,f,
85.6R,NoBench,1/31/13,2,SASQ,76,82,NA,NA,NA,f,
85.6R,NoBench,1/31/13,2,SASQ,78,86,NA,NA,NA,f,
85.6R,NoBench,1/31/13,2,SASQ,65,70,NA,NA,NA,f,
85.6R,NoBench,1/31/13,2,SASQ,65,72,NA,NA,NA,f,
85.6R,NoBench,1/31/13,2,SASQ,71,77,NA,NA,NA,f,
85.6R,NoBench,1/31/13,2,SASQ,59,63,NA,NA,NA,f,
85.6R,NoBench,1/31/13,2,SASQ,66,72,NA,NA,NA,f,
85.6R,NoBench,1/31/13,2,SASQ,NA,67,NA,NA,NA,f,
85.6R,NoBench,1/31/13,2,SASQ,69,75,NA,NA,NA,f,
85.6R,NoBench,1/31/13,2,SASQ,65,70,NA,NA,NA,f,
85.6R,NoBench,1/31/13,2,SASQ,135,150,NA,NA,NA,f,
85.6R,NoBench,1/31/13,2,TP,72,76,NA,NA,NA,f,
85.6L,Unmitigated,1/31/13,2,CHN,37,39,NA,2,F,f,
85.6L,Unmitigated,1/31/13,2,CHN,36,38,NA,2,F,f,
85.6L,Unmitigated,1/31/13,2,CHN,35,37,NA,2,F,f,
85.6L,Unmitigated,1/31/13,2,CHN,38,40,NA,2,F,f,
85.6L,Unmitigated,1/31/13,2,CHN,118,130,NA,5,W,f,
85.6L,Unmitigated,1/31/13,2,MSS,57,61,NA,NA,NA,f,
85.6L,Unmitigated,1/31/13,2,MSS,55,59,NA,NA,NA,f,
85.6L,Unmitigated,1/31/13,2,MSS,65,70,NA,NA,NA,f,
85.6L,Unmitigated,1/31/13,2,SASU,58,63,NA,NA,NA,f,
85.6L,Unmitigated,1/31/13,2,TP,76,80,NA,NA,NA,f,
85.6L,Unmitigated,1/31/13,2,TP,78,84,NA,NA,NA,f,
85.6L,Unmitigated,1/31/13,2,TP,68,72,NA,NA,NA,f,
72.2R,Bench,2/1/13,2,BAS,66,69,NA,NA,NA,f,
72.2R,Bench,2/1/13,2,BAS,87,90,NA,NA,NA,f,
72.2R,Bench,2/1/13,2,BAS,78,80,NA,NA,NA,f,
72.2R,Bench,2/1/13,2,BAS,68,71,NA,NA,NA,f,
72.2R,Bench,2/1/13,2,CHN,40,42,NA,2,F,f,
72.2R,Bench,2/1/13,2,CHN,36,38,NA,2,F,f,
72.2R,Bench,2/1/13,2,CHN,37,39,NA,2,F,f,
72.2R,Bench,2/1/13,2,CHN,36,38,NA,2,F,f,
72.2R,Bench,2/1/13,2,CHN,37,39,NA,2,F,f,
72.2R,Bench,2/1/13,2,CHN,38,40,NA,2,F,f,
72.2R,Bench,2/1/13,2,CHN,43,46,NA,2,F,f,
72.2R,Bench,2/1/13,2,CHN,35,37,NA,2,F,f,
72.2R,Bench,2/1/13,2,CHN,36,38,NA,2,F,f,
72.2R,Bench,2/1/13,2,CHN,38,40,NA,2,F,f,
72.2R,Bench,2/1/13,2,CHN,36,37,NA,2,F,f,
72.2R,Bench,2/1/13,2,CHN,35,37,NA,2,F,f,
72.2R,Bench,2/1/13,2,CHN,40,42,NA,2,F,f,
72.2R,Bench,2/1/13,2,CHN,37,39,NA,2,F,f,
72.2R,Bench,2/1/13,2,CHN,38,40,NA,2,F,f,
72.2R,Bench,2/1/13,2,CHN,36,39,NA,2,F,f,
72.2R,Bench,2/1/13,2,CHN,38,42,NA,2,F,f,
72.2R,Bench,2/1/13,2,SASQ,67,71,NA,NA,NA,f,
72.2R,Bench,2/1/13,2,SASQ,86,92,NA,NA,NA,f,
72.2R,Bench,2/1/13,2,SASQ,220,235,NA,NA,NA,f,
72.2R,Bench,2/1/13,2,SASQ,60,65,NA,NA,NA,f,
69.9R,NoBench,2/1/13,2,BAS,82,84,NA,NA,NA,f,
69.9R,NoBench,2/1/13,2,BAS,63,65,NA,NA,NA,f,
69.9R,NoBench,2/1/13,2,BAS,83,86,NA,NA,NA,f,
69.9R,NoBench,2/1/13,2,BGS,41,43,NA,NA,NA,f,
69.9R,NoBench,2/1/13,2,CHN,37,39,NA,2,F,f,
69.9R,NoBench,2/1/13,2,CHN,38,40,NA,2,F,f,
69.9R,NoBench,2/1/13,2,CHN,37,39,NA,2,F,f,
69.9R,NoBench,2/1/13,2,CHN,38,40,NA,2,F,f,
69.9R,NoBench,2/1/13,2,CHN,37,39,NA,2,F,f,
69.9R,NoBench,2/1/13,2,CHN,38,40,NA,2,F,f,
69.9R,NoBench,2/1/13,2,CHN,38,40,NA,2,F,f,
69.9R,NoBench,2/1/13,2,CHN,42,45,NA,2,F,f,
69.9R,NoBench,2/1/13,2,CHN,45,48,NA,2,F,f,
69.9R,NoBench,2/1/13,2,CHN,37,39,NA,2,F,f,
69.9R,NoBench,2/1/13,2,CHN,35,37,NA,2,F,f,
69.9R,NoBench,2/1/13,2,CHN,37,39,NA,2,F,f,
69.9R,NoBench,2/1/13,2,CHN,45,48,NA,2,F,f,
69.9R,NoBench,2/1/13,2,CHN,37,39,NA,2,F,f,
69.9R,NoBench,2/1/13,2,CHN,40,42,NA,2,F,f,
69.9R,NoBench,2/1/13,2,CHN,38,40,NA,2,F,f,
69.9R,NoBench,2/1/13,2,CHN,37,39,NA,2,F,f,
69.9R,NoBench,2/1/13,2,CHN,40,42,NA,2,F,f,
69.9R,NoBench,2/1/13,2,CHN,40,42,NA,2,F,f,
69.9R,NoBench,2/1/13,2,CHN,38,40,NA,2,F,f,
69.9R,NoBench,2/1/13,2,CHN,48,51,NA,2,F,f,
69.9R,NoBench,2/1/13,2,CHN,40,42,NA,2,F,f,
69.9R,NoBench,2/1/13,2,CHN,35,37,NA,2,F,f,
69.9R,NoBench,2/1/13,2,CHN,45,47,NA,2,F,f,
69.9R,NoBench,2/1/13,2,CHN,47,50,NA,2,F,f,
69.9R,NoBench,2/1/13,2,CHN,38,40,NA,2,F,f,
69.9R,NoBench,2/1/13,2,CHN,42,45,NA,2,F,f,
69.9R,NoBench,2/1/13,2,CHN,165,172,NA,5,LF,f,AD CLIP 
69.9R,NoBench,2/1/13,2,CHN,50,53,NA,NA,S,f,
69.9R,NoBench,2/1/13,2,GF,57,60,NA,NA,NA,f,
69.9R,NoBench,2/1/13,2,SASQ,75,88,NA,NA,NA,f,
69.9R,NoBench,2/1/13,2,SASQ,115,125,NA,NA,NA,f,
69.9R,NoBench,2/1/13,2,SASQ,185,200,NA,NA,NA,f,
69.9R,NoBench,2/1/13,2,TP,90,95,NA,NA,NA,f,
69.9R,NoBench,2/1/13,2,TP,86,92,NA,NA,NA,f,
69.1L,Naturalized,2/1/13,2,CHN,37,39,NA,2,F,f,
69.1L,Naturalized,2/1/13,2,CHN,40,42,NA,2,F,f,
69.1L,Naturalized,2/1/13,2,CHN,43,45,NA,2,F,f,
69.1L,Naturalized,2/1/13,2,CHN,39,43,NA,2,F,f,
69.1L,Naturalized,2/1/13,2,CHN,35,37,NA,2,F,f,
69.1L,Naturalized,2/1/13,2,CHN,38,40,NA,2,F,f,
69.1L,Naturalized,2/1/13,2,CHN,42,45,NA,2,F,f,
69.1L,Naturalized,2/1/13,2,CHN,39,41,NA,2,F,f,
69.1L,Naturalized,2/1/13,2,CHN,36,38,NA,2,F,f,
69.1L,Naturalized,2/1/13,2,CHN,38,41,NA,2,F,f,
69.1L,Naturalized,2/1/13,2,CHN,38,40,NA,2,F,f,
69.1L,Naturalized,2/1/13,2,CHN,47,50,NA,2,F,f,
69.1L,Naturalized,2/1/13,2,CHN,45,48,NA,2,F,f,
69.1L,Naturalized,2/1/13,2,CHN,40,42,NA,2,F,f,
69.1L,Naturalized,2/1/13,2,CHN,38,40,NA,2,F,f,
69.1L,Naturalized,2/1/13,2,CHN,37,39,NA,2,F,f,
69.1L,Naturalized,2/1/13,2,CHN,38,40,NA,2,F,f,
69.1L,Naturalized,2/1/13,2,CHN,36,38,NA,2,F,f,
69.1L,Naturalized,2/1/13,2,CHN,37,40,NA,2,F,f,
69.1L,Naturalized,2/1/13,2,CHN,53,57,NA,3,S,f,
69.1L,Naturalized,2/1/13,2,CHN,60,67,NA,3,S,f,
69.1L,Naturalized,2/1/13,2,CHN,55,58,NA,3,S,f,
69.1L,Naturalized,2/1/13,2,MSS,75,81,NA,NA,NA,f,
69.1L,Naturalized,2/1/13,2,MSS,75,81,NA,NA,NA,f,
69.1L,Naturalized,2/1/13,2,RBT,223,228,NA,5,NA,f,
56.0R,Unmitigated,2/1/13,2,BAS,100,103,NA,NA,NA,f,
56.0R,Unmitigated,2/1/13,2,BGS,110,116,NA,NA,NA,f,
56.0R,Unmitigated,2/1/13,2,CHN,40,43,NA,2,F,f,
56.0R,Unmitigated,2/1/13,2,MSS,66,71,NA,NA,NA,f,
56.0R,Unmitigated,2/1/13,2,SASQ,70,77,NA,NA,NA,f,
56.0R,Unmitigated,2/1/13,2,SASQ,81,89,NA,NA,NA,f,
56.0R,Unmitigated,2/1/13,2,SASQ,65,70,NA,NA,NA,f,
50.3R,Naturalized,2/1/13,2,CHN,45,48,NA,2,F,f,
50.3R,Naturalized,2/1/13,2,CHN,38,40,NA,2,F,f,
50.3R,Naturalized,2/1/13,2,CHN,38,40,NA,2,F,f,
50.3R,Naturalized,2/1/13,2,CHN,47,51,NA,2,F,f,
50.3R,Naturalized,2/1/13,2,CHN,39,41,NA,2,F,f,
50.3R,Naturalized,2/1/13,2,CHN,37,39,NA,2,F,f,
50.3R,Naturalized,2/1/13,2,CHN,47,50,NA,2,F,f,
50.3R,Naturalized,2/1/13,2,CHN,60,65,NA,3,S,f,
50.3R,Naturalized,2/1/13,2,CHN,50,53,NA,3,S,f,
50.3R,Naturalized,2/1/13,2,MSS,70,76,NA,NA,NA,f,
50.3R,Naturalized,2/1/13,2,MSS,70,76,NA,NA,NA,f,
50.3R,Naturalized,2/1/13,2,MSS,73,78,NA,NA,NA,f,
50.3R,Naturalized,2/1/13,2,SASQ,71,78,NA,NA,NA,f,
50.3R,Naturalized,2/1/13,2,SASQ,90,98,NA,NA,NA,f,
50.2L,NoBench,2/1/13,2,BAS,75,79,NA,NA,NA,f,
50.2L,NoBench,2/1/13,2,CHN,35,37,NA,2,F,f,
50.2L,NoBench,2/1/13,2,CHN,40,42,NA,2,F,f,
50.2L,NoBench,2/1/13,2,CHN,38,40,NA,2,F,f,
50.2L,NoBench,2/1/13,2,CHN,48,51,NA,2,F,f,
50.2L,NoBench,2/1/13,2,MSS,76,81,NA,NA,NA,f,
50.2L,NoBench,2/1/13,2,MSS,56,61,NA,NA,NA,f,
50.2L,NoBench,2/1/13,2,SASQ,72,80,NA,NA,NA,f,
47.9R,Slope,2/2/13,2,BAS,238,250,NA,NA,NA,f,
47.9R,Slope,2/2/13,2,BAS,72,74,NA,NA,NA,f,
47.9R,Slope,2/2/13,2,BAS,80,82,NA,NA,NA,f,
47.9R,Slope,2/2/13,2,BAS,62,64,NA,NA,NA,f,
47.9R,Slope,2/2/13,2,BGS,94,98,NA,NA,NA,f,
47.9R,Slope,2/2/13,2,C,105,120,NA,NA,NA,f,
47.9R,Slope,2/2/13,2,CHN,45,48,NA,2,F,f,
47.9R,Slope,2/2/13,2,CHN,46,50,NA,2,F,f,
47.9R,Slope,2/2/13,2,CHN,38,40,NA,2,F,f,
47.9R,Slope,2/2/13,2,CHN,40,42,NA,2,F,f,
47.9R,Slope,2/2/13,2,CHN,40,42,NA,2,F,f,
47.9R,Slope,2/2/13,2,CHN,35,37,NA,2,F,f,
47.9R,Slope,2/2/13,2,CHN,40,42,NA,2,F,f,
47.9R,Slope,2/2/13,2,CHN,40,42,NA,2,F,f,
47.9R,Slope,2/2/13,2,CHN,40,42,NA,2,F,f,
47.9R,Slope,2/2/13,2,CHN,43,56,NA,2,F,f,
47.9R,Slope,2/2/13,2,CHN,43,46,NA,2,F,f,
47.9R,Slope,2/2/13,2,CHN,49,53,NA,2,F,f,
47.9R,Slope,2/2/13,2,CHN,46,49,NA,2,F,f,
47.9R,Slope,2/2/13,2,CHN,43,47,NA,2,F,f,
47.9R,Slope,2/2/13,2,CHN,37,39,NA,2,F,f,
47.9R,Slope,2/2/13,2,CHN,38,40,NA,2,F,f,
47.9R,Slope,2/2/13,2,CHN,38,40,NA,2,F,f,
47.9R,Slope,2/2/13,2,CHN,38,40,NA,2,F,f,
47.9R,Slope,2/2/13,2,CHN,38,40,NA,2,F,f,
47.9R,Slope,2/2/13,2,CHN,38,40,NA,2,F,f,
47.9R,Slope,2/2/13,2,CHN,36,38,NA,2,F,f,
47.9R,Slope,2/2/13,2,CHN,39,41,NA,2,F,f,
47.9R,Slope,2/2/13,2,CHN,36,38,NA,2,F,f,
47.9R,Slope,2/2/13,2,CHN,38,40,NA,2,F,f,
47.9R,Slope,2/2/13,2,CHN,48,51,NA,2,F,f,
47.9R,Slope,2/2/13,2,CHN,50,55,NA,3,S,f,
47.9R,Slope,2/2/13,2,CHN,50,53,NA,3,S,f,
47.9R,Slope,2/2/13,2,SASQ,70,75,NA,NA,NA,f,
47.9R,Slope,2/2/13,2,SASQ,54,57,NA,NA,NA,f,
47.9R,Slope,2/2/13,2,TP,81,86,NA,NA,NA,f,
47.9R,Slope,2/2/13,2,TP,82,87,NA,NA,NA,f,
47.9R,Slope,2/2/13,2,TP,90,95,NA,NA,NA,f,
47.9R,Slope,2/2/13,2,TP,77,80,NA,NA,NA,f,
47.9R,Slope,2/2/13,2,TP,82,85,NA,NA,NA,f,
47.0L,Slope,2/2/13,2,BRB,NA,158,NA,NA,NA,f,
47.0L,Slope,2/2/13,2,MSS,56,62,NA,NA,NA,f,
47.0L,Slope,2/2/13,2,MSS,56,63,NA,NA,NA,f,
47.0L,Slope,2/2/13,2,MSS,62,68,NA,NA,NA,f,
47.0L,Slope,2/2/13,2,MSS,65,71,NA,NA,NA,f,
47.0L,Slope,2/2/13,2,MSS,58,63,NA,NA,NA,f,
47.0L,Slope,2/2/13,2,MSS,58,63,NA,NA,NA,f,
47.0L,Slope,2/2/13,2,MSS,64,70,NA,NA,NA,f,
47.0L,Slope,2/2/13,2,MSS,55,60,NA,NA,NA,f,
47.0L,Slope,2/2/13,2,MSS,54,59,NA,NA,NA,f,
47.0L,Slope,2/2/13,2,RES,180,195,NA,NA,NA,f,
47.0L,Slope,2/2/13,2,SASQ,65,71,NA,NA,NA,f,
47.0L,Slope,2/2/13,2,SASQ,60,65,NA,NA,NA,f,
47.0L,Slope,2/2/13,2,TFS,88,100,NA,NA,NA,f,
47.0L,Slope,2/2/13,2,TFS,90,103,NA,NA,NA,f,
44.7R,Slope,2/2/13,2,BAS,60,63,NA,NA,NA,f,
44.7R,Slope,2/2/13,2,BAS,73,76,NA,NA,NA,f,
44.7R,Slope,2/2/13,2,CHN,39,42,NA,2,F,f,
44.7R,Slope,2/2/13,2,CHN,39,41,NA,2,F,f,
44.7R,Slope,2/2/13,2,CHN,35,37,NA,2,F,f,
44.7R,Slope,2/2/13,2,CHN,38,40,NA,2,F,f,
44.7R,Slope,2/2/13,2,CHN,37,39,NA,2,F,f,
44.7R,Slope,2/2/13,2,CHN,39,41,NA,2,F,f,
44.7R,Slope,2/2/13,2,CHN,39,41,NA,2,F,f,
44.7R,Slope,2/2/13,2,CHN,42,45,NA,2,F,f,
44.7R,Slope,2/2/13,2,CHN,37,39,NA,2,F,f,
44.7R,Slope,2/2/13,2,CHN,36,38,NA,2,F,f,
44.7R,Slope,2/2/13,2,CHN,40,42,NA,2,F,f,
44.7R,Slope,2/2/13,2,CHN,39,41,NA,2,F,f,
44.7R,Slope,2/2/13,2,CHN,40,43,NA,2,F,f,
44.7R,Slope,2/2/13,2,CHN,39,41,NA,2,F,f,
44.7R,Slope,2/2/13,2,CHN,36,38,NA,2,F,f,
44.7R,Slope,2/2/13,2,CHN,38,40,NA,2,F,f,
44.7R,Slope,2/2/13,2,CHN,39,41,NA,2,F,f,
44.7R,Slope,2/2/13,2,CHN,36,38,NA,2,F,f,
44.7R,Slope,2/2/13,2,CHN,39,41,NA,2,F,f,
44.7R,Slope,2/2/13,2,CHN,39,41,NA,2,F,f,
44.7R,Slope,2/2/13,2,CHN,36,38,NA,2,F,f,
44.7R,Slope,2/2/13,2,CHN,40,43,NA,2,F,f,
44.7R,Slope,2/2/13,2,CHN,39,41,NA,2,F,f,
44.7R,Slope,2/2/13,2,CHN,39,41,NA,2,F,f,
44.7R,Slope,2/2/13,2,CHN,38,40,NA,2,F,f,
44.7R,Slope,2/2/13,2,CHN,45,48,NA,2,F,f,
44.7R,Slope,2/2/13,2,CHN,40,42,NA,2,F,f,
44.7R,Slope,2/2/13,2,CHN,36,38,NA,2,F,f,
44.7R,Slope,2/2/13,2,CHN,47,51,NA,2,F,f,
44.7R,Slope,2/2/13,2,CHN,40,43,NA,2,F,f,
44.7R,Slope,2/2/13,2,CHN,46,49,NA,2,F,f,
44.7R,Slope,2/2/13,2,CHN,48,52,NA,2,F,f,
44.7R,Slope,2/2/13,2,CHN,42,46,NA,2,F,f,
44.7R,Slope,2/2/13,2,CHN,41,43,NA,2,F,f,
44.7R,Slope,2/2/13,2,CHN,40,42,NA,2,F,f,
44.7R,Slope,2/2/13,2,CHN,36,38,NA,2,F,f,
44.7R,Slope,2/2/13,2,CHN,37,39,NA,2,F,f,
44.7R,Slope,2/2/13,2,CHN,38,40,NA,2,F,f,
44.7R,Slope,2/2/13,2,CHN,36,38,NA,2,F,f,
44.7R,Slope,2/2/13,2,CHN,39,41,NA,2,F,f,
44.7R,Slope,2/2/13,2,CHN,42,45,NA,2,F,f,
44.7R,Slope,2/2/13,2,CHN,40,42,NA,2,F,f,
44.7R,Slope,2/2/13,2,CHN,37,39,NA,2,F,f,
44.7R,Slope,2/2/13,2,CHN,40,42,NA,2,F,f,
44.7R,Slope,2/2/13,2,CHN,41,44,NA,2,F,f,
44.7R,Slope,2/2/13,2,CHN,36,38,NA,2,F,f,
44.7R,Slope,2/2/13,2,CHN,40,43,NA,2,F,f,
44.7R,Slope,2/2/13,2,CHN,46,49,NA,2,F,f,
44.7R,Slope,2/2/13,2,CHN,39,41,NA,2,F,f,
44.7R,Slope,2/2/13,2,CHN,39,41,NA,2,F,f,
44.7R,Slope,2/2/13,2,CHN,38,41,NA,2,F,f,
44.7R,Slope,2/2/13,2,CHN,39,42,NA,2,F,f,
44.7R,Slope,2/2/13,2,CHN,36,38,NA,2,F,f,
44.7R,Slope,2/2/13,2,CHN,38,40,NA,2,F,f,
44.7R,Slope,2/2/13,2,CHN,46,49,NA,2,F,f,
44.7R,Slope,2/2/13,2,CHN,36,38,NA,2,F,f,
44.7R,Slope,2/2/13,2,CHN,41,43,NA,2,F,f,
44.7R,Slope,2/2/13,2,CHN,37,39,NA,2,F,f,
44.7R,Slope,2/2/13,2,CHN,39,41,NA,2,F,f,
44.7R,Slope,2/2/13,2,CHN,50,53,NA,3,S,f,
44.7R,Slope,2/2/13,2,CHN,52,56,NA,3,S,f,
44.7R,Slope,2/2/13,2,CHN,50,53,NA,3,S,f,
44.7R,Slope,2/2/13,2,CHN,110,119,NA,5,W,f,
44.7R,Slope,2/2/13,2,MQK,NA,30,NA,NA,NA,f,
44.7R,Slope,2/2/13,2,MSS,76,82,NA,NA,NA,f,
44.7R,Slope,2/2/13,2,MSS,60,66,NA,NA,NA,f,
44.7R,Slope,2/2/13,2,MSS,58,63,NA,NA,NA,f,
44.7R,Slope,2/2/13,2,MSS,43,46,NA,NA,NA,f,
44.7R,Slope,2/2/13,2,MSS,55,60,NA,NA,NA,f,
44.7R,Slope,2/2/13,2,MSS,90,97,NA,NA,NA,f,
44.7R,Slope,2/2/13,2,MSS,53,57,NA,NA,NA,f,
44.7R,Slope,2/2/13,2,MSS,60,64,NA,NA,NA,f,
44.7R,Slope,2/2/13,2,MSS,NA,NA,NA,NA,NA,f,
44.7R,Slope,2/2/13,2,SCP,NA,80,NA,NA,NA,f,
43.7R,Slope,2/2/13,2,CHN,40,43,NA,2,F,f,
43.7R,Slope,2/2/13,2,CHN,38,40,NA,2,F,f,
43.7R,Slope,2/2/13,2,CHN,38,40,NA,2,F,f,
43.7R,Slope,2/2/13,2,CHN,38,40,NA,2,F,f,
43.7R,Slope,2/2/13,2,CHN,40,43,NA,2,F,f,
43.7R,Slope,2/2/13,2,CHN,35,37,NA,2,F,f,
43.7R,Slope,2/2/13,2,CHN,40,43,NA,2,F,f,
43.7R,Slope,2/2/13,2,CHN,38,40,NA,2,F,f,
43.7R,Slope,2/2/13,2,CHN,35,37,NA,2,F,f,
43.7R,Slope,2/2/13,2,CHN,36,38,NA,2,F,f,
43.7R,Slope,2/2/13,2,CHN,38,40,NA,2,F,f,
43.7R,Slope,2/2/13,2,CHN,38,40,NA,2,F,f,
43.7R,Slope,2/2/13,2,CHN,40,42,NA,2,F,f,
43.7R,Slope,2/2/13,2,CHN,39,41,NA,2,F,f,
43.7R,Slope,2/2/13,2,CHN,39,42,NA,2,F,f,
43.7R,Slope,2/2/13,2,CHN,45,47,NA,2,F,f,
43.7R,Slope,2/2/13,2,CHN,39,42,NA,2,F,f,
43.7R,Slope,2/2/13,2,CHN,40,43,NA,2,F,f,
43.7R,Slope,2/2/13,2,CHN,39,41,NA,2,F,f,
43.7R,Slope,2/2/13,2,CHN,39,41,NA,2,F,f,
43.7R,Slope,2/2/13,2,CHN,43,46,NA,2,F,f,
43.7R,Slope,2/2/13,2,CHN,41,43,NA,2,F,f,
43.7R,Slope,2/2/13,2,CHN,40,42,NA,2,F,f,
43.7R,Slope,2/2/13,2,CHN,42,44,NA,2,F,f,
43.7R,Slope,2/2/13,2,CHN,36,38,NA,2,F,f,
43.7R,Slope,2/2/13,2,CHN,35,37,NA,2,F,f,
43.7R,Slope,2/2/13,2,CHN,38,40,NA,2,F,f,
43.7R,Slope,2/2/13,2,CHN,38,40,NA,2,F,f,
43.7R,Slope,2/2/13,2,CHN,45,48,NA,2,F,f,
43.7R,Slope,2/2/13,2,CHN,41,43,NA,2,F,f,
43.7R,Slope,2/2/13,2,CHN,40,42,NA,2,F,f,
43.7R,Slope,2/2/13,2,CHN,38,40,NA,2,F,f,
43.7R,Slope,2/2/13,2,CHN,38,40,NA,2,F,f,
43.7R,Slope,2/2/13,2,CHN,37,39,NA,2,F,f,
43.7R,Slope,2/2/13,2,CHN,48,51,NA,2,F,f,
43.7R,Slope,2/2/13,2,CHN,45,48,NA,2,F,f,
43.7R,Slope,2/2/13,2,CHN,36,38,NA,2,F,f,
43.7R,Slope,2/2/13,2,CHN,36,38,NA,2,F,f,
43.7R,Slope,2/2/13,2,CHN,37,39,NA,2,F,f,
43.7R,Slope,2/2/13,2,CHN,38,40,NA,2,F,f,
43.7R,Slope,2/2/13,2,CHN,39,40,NA,2,F,f,
43.7R,Slope,2/2/13,2,CHN,39,41,NA,2,F,f,
43.7R,Slope,2/2/13,2,CHN,38,40,NA,2,F,f,
43.7R,Slope,2/2/13,2,CHN,39,41,NA,2,F,f,
43.7R,Slope,2/2/13,2,CHN,40,42,NA,2,F,f,
43.7R,Slope,2/2/13,2,CHN,36,38,NA,2,F,f,
43.7R,Slope,2/2/13,2,CHN,42,45,NA,2,F,f,
43.7R,Slope,2/2/13,2,CHN,33,35,NA,2,F,f,
43.7R,Slope,2/2/13,2,CHN,36,38,NA,2,F,f,
43.7R,Slope,2/2/13,2,CHN,38,40,NA,2,F,f,
43.7R,Slope,2/2/13,2,CHN,45,48,NA,2,F,f,
43.7R,Slope,2/2/13,2,CHN,47,50,NA,2,F,f,
43.7R,Slope,2/2/13,2,CHN,37,39,NA,2,F,f,
43.7R,Slope,2/2/13,2,CHN,40,43,NA,2,F,f,
43.7R,Slope,2/2/13,2,CHN,42,46,NA,2,F,f,
43.7R,Slope,2/2/13,2,CHN,39,41,NA,2,F,f,
43.7R,Slope,2/2/13,2,CHN,42,45,NA,2,F,f,
43.7R,Slope,2/2/13,2,CHN,39,41,NA,2,F,f,
43.7R,Slope,2/2/13,2,CHN,37,39,NA,2,F,f,
43.7R,Slope,2/2/13,2,CHN,42,45,NA,2,F,f,
43.7R,Slope,2/2/13,2,CHN,35,37,NA,2,F,f,
43.7R,Slope,2/2/13,2,CHN,38,40,NA,2,F,f,
43.7R,Slope,2/2/13,2,CHN,38,40,NA,2,F,f,
43.7R,Slope,2/2/13,2,CHN,38,40,NA,2,F,f,
43.7R,Slope,2/2/13,2,CHN,40,43,NA,2,F,f,
43.7R,Slope,2/2/13,2,CHN,49,53,NA,2,F,f,
43.7R,Slope,2/2/13,2,CHN,40,42,NA,2,F,f,
43.7R,Slope,2/2/13,2,CHN,37,39,NA,2,F,f,
43.7R,Slope,2/2/13,2,CHN,38,40,NA,2,F,f,
43.7R,Slope,2/2/13,2,CHN,38,40,NA,2,F,f,
43.7R,Slope,2/2/13,2,CHN,38,40,NA,2,F,f,
43.7R,Slope,2/2/13,2,CHN,49,52,NA,3,F,f,
43.7R,Slope,2/2/13,2,CHN,35,37,NA,2,F,f,
43.7R,Slope,2/2/13,2,CHN,36,38,NA,2,F,f,
43.7R,Slope,2/2/13,2,CHN,40,42,NA,2,F,f,
43.7R,Slope,2/2/13,2,CHN,39,41,NA,2,F,f,
43.7R,Slope,2/2/13,2,CHN,40,42,NA,2,F,f,
43.7R,Slope,2/2/13,2,CHN,40,42,NA,2,F,f,
43.7R,Slope,2/2/13,2,CHN,40,42,NA,2,F,f,
43.7R,Slope,2/2/13,2,CHN,36,38,NA,2,F,f,
43.7R,Slope,2/2/13,2,CHN,37,39,NA,2,F,f,
43.7R,Slope,2/2/13,2,CHN,38,40,NA,2,F,f,
43.7R,Slope,2/2/13,2,CHN,37,39,NA,2,F,f,
43.7R,Slope,2/2/13,2,CHN,38,40,NA,2,F,f,
43.7R,Slope,2/2/13,2,CHN,36,38,NA,2,F,f,
43.7R,Slope,2/2/13,2,CHN,37,39,NA,2,F,f,
43.7R,Slope,2/2/13,2,CHN,40,42,NA,2,F,f,
43.7R,Slope,2/2/13,2,CHN,47,50,NA,3,F,f,
43.7R,Slope,2/2/13,2,CHN,47,50,NA,2,F,f,
43.7R,Slope,2/2/13,2,CHN,48,52,NA,2,F,f,
43.7R,Slope,2/2/13,2,CHN,40,42,NA,2,F,f,
43.7R,Slope,2/2/13,2,CHN,35,37,NA,2,F,f,
43.7R,Slope,2/2/13,2,CHN,40,43,NA,2,F,f,
43.7R,Slope,2/2/13,2,CHN,40,43,NA,2,F,f,
43.7R,Slope,2/2/13,2,CHN,39,41,NA,2,F,f,
43.7R,Slope,2/2/13,2,CHN,37,39,NA,2,F,f,
43.7R,Slope,2/2/13,2,CHN,36,38,NA,2,F,f,
43.7R,Slope,2/2/13,2,CHN,42,45,NA,2,F,f,
43.7R,Slope,2/2/13,2,CHN,38,40,NA,2,F,f,
43.7R,Slope,2/2/13,2,CHN,39,41,NA,2,F,f,
43.7R,Slope,2/2/13,2,CHN,40,42,NA,2,F,f,
43.7R,Slope,2/2/13,2,CHN,35,37,NA,2,F,f,
43.7R,Slope,2/2/13,2,CHN,39,41,NA,2,F,f,
43.7R,Slope,2/2/13,2,CHN,39,41,NA,2,F,f,
43.7R,Slope,2/2/13,2,CHN,47,50,NA,2,F,f,
43.7R,Slope,2/2/13,2,CHN,38,39,NA,2,F,f,
43.7R,Slope,2/2/13,2,CHN,38,40,NA,2,F,f,
43.7R,Slope,2/2/13,2,CHN,38,40,NA,2,F,f,
43.7R,Slope,2/2/13,2,CHN,38,40,NA,2,F,f,
43.7R,Slope,2/2/13,2,CHN,38,40,NA,2,F,f,
43.7R,Slope,2/2/13,2,CHN,42,45,NA,2,F,f,
43.7R,Slope,2/2/13,2,CHN,40,42,NA,2,F,f,
43.7R,Slope,2/2/13,2,CHN,38,40,NA,2,F,f,
43.7R,Slope,2/2/13,2,CHN,40,42,NA,2,F,f,
43.7R,Slope,2/2/13,2,CHN,47,50,NA,2,F,f,
43.7R,Slope,2/2/13,2,CHN,37,39,NA,2,F,f,
43.7R,Slope,2/2/13,2,CHN,42,43,NA,2,F,f,
43.7R,Slope,2/2/13,2,CHN,44,43,NA,2,F,f,
43.7R,Slope,2/2/13,2,CHN,40,42,NA,2,F,f,
43.7R,Slope,2/2/13,2,CHN,35,37,NA,2,F,f,
43.7R,Slope,2/2/13,2,CHN,38,40,NA,2,F,f,
43.7R,Slope,2/2/13,2,CHN,37,39,NA,2,F,f,
43.7R,Slope,2/2/13,2,CHN,37,39,NA,2,F,f,
43.7R,Slope,2/2/13,2,CHN,40,42,NA,2,F,f,
43.7R,Slope,2/2/13,2,CHN,36,38,NA,2,F,f,
43.7R,Slope,2/2/13,2,CHN,48,50,NA,2,F,f,
43.7R,Slope,2/2/13,2,CHN,45,48,NA,2,F,f,
43.7R,Slope,2/2/13,2,CHN,36,38,NA,2,F,f,
43.7R,Slope,2/2/13,2,CHN,37,39,NA,2,F,f,
43.7R,Slope,2/2/13,2,CHN,37,39,NA,2,F,f,
43.7R,Slope,2/2/13,2,CHN,38,40,NA,2,F,f,
43.7R,Slope,2/2/13,2,CHN,39,42,NA,2,F,f,
43.7R,Slope,2/2/13,2,CHN,39,41,NA,2,F,f,
43.7R,Slope,2/2/13,2,CHN,38,40,NA,2,F,f,
43.7R,Slope,2/2/13,2,CHN,48,51,NA,2,F,f,
43.7R,Slope,2/2/13,2,CHN,46,50,NA,2,F,f,
43.7R,Slope,2/2/13,2,CHN,42,45,NA,2,F,f,
43.7R,Slope,2/2/13,2,CHN,39,41,NA,2,F,f,
43.7R,Slope,2/2/13,2,CHN,46,50,NA,2,F,f,
43.7R,Slope,2/2/13,2,CHN,37,40,NA,2,F,f,
43.7R,Slope,2/2/13,2,CHN,44,47,NA,2,F,f,
43.7R,Slope,2/2/13,2,CHN,39,42,NA,2,F,f,
43.7R,Slope,2/2/13,2,CHN,39,42,NA,2,F,f,
43.7R,Slope,2/2/13,2,CHN,36,38,NA,2,F,f,
43.7R,Slope,2/2/13,2,CHN,38,40,NA,2,F,f,
43.7R,Slope,2/2/13,2,CHN,44,47,NA,2,F,f,
43.7R,Slope,2/2/13,2,CHN,42,45,NA,2,F,f,
43.7R,Slope,2/2/13,2,CHN,42,45,NA,2,F,f,
43.7R,Slope,2/2/13,2,CHN,42,45,NA,2,F,f,
43.7R,Slope,2/2/13,2,CHN,38,40,NA,2,F,f,
43.7R,Slope,2/2/13,2,CHN,40,43,NA,2,F,f,
43.7R,Slope,2/2/13,2,CHN,40,43,NA,2,F,f,
43.7R,Slope,2/2/13,2,CHN,36,38,NA,2,F,f,
43.7R,Slope,2/2/13,2,CHN,45,50,NA,2,F,f,INJURED 
43.7R,Slope,2/2/13,2,CHN,48,51,NA,2,F,f,
43.7R,Slope,2/2/13,2,CHN,35,37,NA,2,F,f,
43.7R,Slope,2/2/13,2,CHN,48,52,NA,2,F,f,
43.7R,Slope,2/2/13,2,CHN,40,43,NA,2,F,f,
43.7R,Slope,2/2/13,2,CHN,44,47,NA,2,F,f,
43.7R,Slope,2/2/13,2,CHN,40,43,NA,2,F,f,
43.7R,Slope,2/2/13,2,CHN,39,42,NA,2,F,f,
43.7R,Slope,2/2/13,2,CHN,36,38,NA,2,F,f,
43.7R,Slope,2/2/13,2,CHN,40,42,NA,2,F,f,
43.7R,Slope,2/2/13,2,CHN,40,43,NA,2,F,f,
43.7R,Slope,2/2/13,2,CHN,37,39,NA,2,F,f,
43.7R,Slope,2/2/13,2,CHN,154,165,NA,5,LF,f,AD CLIP 
43.7R,Slope,2/2/13,2,CHN,40,42,NA,2,F,f,
43.7R,Slope,2/2/13,2,CHN,36,38,NA,2,F,f,
43.7R,Slope,2/2/13,2,CHN,40,43,NA,2,F,f,
43.7R,Slope,2/2/13,2,CHN,41,43,NA,2,F,f,
43.7R,Slope,2/2/13,2,CHN,39,41,NA,2,F,f,
43.7R,Slope,2/2/13,2,CHN,40,43,NA,2,F,f,
43.7R,Slope,2/2/13,2,CHN,50,54,NA,3,S,f,
43.7R,Slope,2/2/13,2,CHN,50,54,NA,3,S,f,
43.7R,Slope,2/2/13,2,CHN,50,53,NA,3,S,f,
43.7R,Slope,2/2/13,2,CHN,54,57,NA,3,S,f,
43.7R,Slope,2/2/13,2,CHN,50,54,NA,3,S,f,
43.7R,Slope,2/2/13,2,CHN,50,53,NA,2,S,f,
43.7R,Slope,2/2/13,2,CHN,56,61,NA,3,S,f,
43.7R,Slope,2/2/13,2,CHN,60,63,NA,3,S,f,
43.7R,Slope,2/2/13,2,CHN,50,52,NA,3,S,f,
43.7R,Slope,2/2/13,2,CHN,51,53,NA,3,S,f,
43.7R,Slope,2/2/13,2,CHN,51,55,NA,3,S,f,
43.7R,Slope,2/2/13,2,CHN,56,61,NA,3,S,f,
43.7R,Slope,2/2/13,2,CHN,62,67,NA,3,S,f,
43.7R,Slope,2/2/13,2,CHN,61,66,NA,3,S,f,
43.7R,Slope,2/2/13,2,CHN,53,57,NA,3,S,f,
43.7R,Slope,2/2/13,2,MSS,64,69,NA,NA,NA,f,
43.7R,Slope,2/2/13,2,MSS,76,82,NA,NA,NA,f,
43.7R,Slope,2/2/13,2,MSS,64,70,NA,NA,NA,f,
43.7R,Slope,2/2/13,2,MSS,72,78,NA,NA,NA,f,
43.7R,Slope,2/2/13,2,MSS,71,78,NA,NA,NA,f,
43.7R,Slope,2/2/13,2,MSS,64,69,NA,NA,NA,f,
43.7R,Slope,2/2/13,2,MSS,63,68,NA,NA,NA,f,
43.7R,Slope,2/2/13,2,MSS,55,60,NA,NA,NA,f,
43.7R,Slope,2/2/13,2,MSS,64,70,NA,NA,NA,f,
43.7R,Slope,2/2/13,2,MSS,66,71,NA,NA,NA,f,
43.7R,Slope,2/2/13,2,MSS,74,80,NA,NA,NA,f,
43.7R,Slope,2/2/13,2,MSS,67,72,NA,NA,NA,f,
43.7R,Slope,2/2/13,2,MSS,72,78,NA,NA,NA,f,
43.7R,Slope,2/2/13,2,MSS,85,91,NA,NA,NA,f,
43.7R,Slope,2/2/13,2,MSS,60,65,NA,NA,NA,f,
43.7R,Slope,2/2/13,2,MSS,65,71,NA,NA,NA,f,
43.7R,Slope,2/2/13,2,MSS,67,72,NA,NA,NA,f,
43.7R,Slope,2/2/13,2,MSS,72,78,NA,NA,NA,f,
43.7R,Slope,2/2/13,2,MSS,60,65,NA,NA,NA,f,
43.7R,Slope,2/2/13,2,MSS,61,66,NA,NA,NA,f,
43.7R,Slope,2/2/13,2,MSS,NA,NA,NA,NA,NA,f,
43.7R,Slope,2/2/13,2,MSS,NA,NA,NA,NA,NA,f,
43.7R,Slope,2/2/13,2,MSS,NA,NA,NA,NA,NA,f,
43.7R,Slope,2/2/13,2,MSS,NA,NA,NA,NA,NA,f,
43.7R,Slope,2/2/13,2,MSS,NA,NA,NA,NA,NA,f,
43.7R,Slope,2/2/13,2,MSS,NA,NA,NA,NA,NA,f,
43.7R,Slope,2/2/13,2,MSS,NA,NA,NA,NA,NA,f,
43.7R,Slope,2/2/13,2,MSS,NA,NA,NA,NA,NA,f,
43.7R,Slope,2/2/13,2,MSS,NA,NA,NA,NA,NA,f,
43.7R,Slope,2/2/13,2,MSS,NA,NA,NA,NA,NA,f,
43.7R,Slope,2/2/13,2,MSS,NA,NA,NA,NA,NA,f,
43.7R,Slope,2/2/13,2,MSS,NA,NA,NA,NA,NA,f,
43.7R,Slope,2/2/13,2,MSS,NA,NA,NA,NA,NA,f,
43.7R,Slope,2/2/13,2,MSS,NA,NA,NA,NA,NA,f,
43.7R,Slope,2/2/13,2,MSS,NA,NA,NA,NA,NA,f,
43.7R,Slope,2/2/13,2,MSS,NA,NA,NA,NA,NA,f,
43.7R,Slope,2/2/13,2,MSS,NA,NA,NA,NA,NA,f,
43.7R,Slope,2/2/13,2,MSS,NA,NA,NA,NA,NA,f,
43.7R,Slope,2/2/13,2,MSS,NA,NA,NA,NA,NA,f,
43.7R,Slope,2/2/13,2,MSS,NA,NA,NA,NA,NA,f,
43.7R,Slope,2/2/13,2,MSS,NA,NA,NA,NA,NA,f,
43.7R,Slope,2/2/13,2,MSS,NA,NA,NA,NA,NA,f,
43.7R,Slope,2/2/13,2,MSS,NA,NA,NA,NA,NA,f,
43.7R,Slope,2/2/13,2,MSS,NA,NA,NA,NA,NA,f,
43.7R,Slope,2/2/13,2,MSS,NA,NA,NA,NA,NA,f,
43.7R,Slope,2/2/13,2,MSS,NA,NA,NA,NA,NA,f,
43.7R,Slope,2/2/13,2,MSS,NA,NA,NA,NA,NA,f,
43.7R,Slope,2/2/13,2,MSS,NA,NA,NA,NA,NA,f,
43.7R,Slope,2/2/13,2,MSS,NA,NA,NA,NA,NA,f,
43.7R,Slope,2/2/13,2,MSS,NA,NA,NA,NA,NA,f,
43.7R,Slope,2/2/13,2,MSS,NA,NA,NA,NA,NA,f,
43.7R,Slope,2/2/13,2,MSS,NA,NA,NA,NA,NA,f,
43.7R,Slope,2/2/13,2,MSS,NA,NA,NA,NA,NA,f,
43.7R,Slope,2/2/13,2,MSS,NA,NA,NA,NA,NA,f,
43.7R,Slope,2/2/13,2,MSS,NA,NA,NA,NA,NA,f,
43.7R,Slope,2/2/13,2,MSS,NA,NA,NA,NA,NA,f,
43.7R,Slope,2/2/13,2,MSS,NA,NA,NA,NA,NA,f,
43.7R,Slope,2/2/13,2,MSS,NA,NA,NA,NA,NA,f,
43.7R,Slope,2/2/13,2,MSS,NA,NA,NA,NA,NA,f,
43.7R,Slope,2/2/13,2,MSS,NA,NA,NA,NA,NA,f,
43.7R,Slope,2/2/13,2,MSS,NA,NA,NA,NA,NA,f,
43.7R,Slope,2/2/13,2,MSS,NA,NA,NA,NA,NA,f,
43.7R,Slope,2/2/13,2,MSS,NA,NA,NA,NA,NA,f,
43.7R,Slope,2/2/13,2,MSS,NA,NA,NA,NA,NA,f,
43.7R,Slope,2/2/13,2,MSS,NA,NA,NA,NA,NA,f,
43.7R,Slope,2/2/13,2,MSS,NA,NA,NA,NA,NA,f,
43.7R,Slope,2/2/13,2,MSS,NA,NA,NA,NA,NA,f,
43.7R,Slope,2/2/13,2,MSS,NA,NA,NA,NA,NA,f,
43.7R,Slope,2/2/13,2,MSS,NA,NA,NA,NA,NA,f,
43.7R,Slope,2/2/13,2,MSS,NA,NA,NA,NA,NA,f,
43.7R,Slope,2/2/13,2,MSS,NA,NA,NA,NA,NA,f,
43.7R,Slope,2/2/13,2,MSS,NA,NA,NA,NA,NA,f,
43.7R,Slope,2/2/13,2,MSS,NA,NA,NA,NA,NA,f,
43.7R,Slope,2/2/13,2,MSS,NA,NA,NA,NA,NA,f,
43.7R,Slope,2/2/13,2,MSS,NA,NA,NA,NA,NA,f,
43.7R,Slope,2/2/13,2,MSS,NA,NA,NA,NA,NA,f,
43.7R,Slope,2/2/13,2,MSS,NA,NA,NA,NA,NA,f,
43.7R,Slope,2/2/13,2,MSS,NA,NA,NA,NA,NA,f,
43.7R,Slope,2/2/13,2,MSS,NA,NA,NA,NA,NA,f,
43.7R,Slope,2/2/13,2,MSS,NA,NA,NA,NA,NA,f,
43.7R,Slope,2/2/13,2,MSS,NA,NA,NA,NA,NA,f,
43.7R,Slope,2/2/13,2,MSS,NA,NA,NA,NA,NA,f,
43.7R,Slope,2/2/13,2,RES,49,51,NA,NA,NA,f,
91.9R,Naturalized,2/25/13,3,BKS,NA,58,NA,NA,NA,f,
91.9R,Naturalized,2/25/13,3,CHN,46,50,NA,3,F,f,
91.9R,Naturalized,2/25/13,3,CHN,49,53,NA,3,F,f,
91.9R,Naturalized,2/25/13,3,CHN,45,48,NA,3,F,f,
91.9R,Naturalized,2/25/13,3,CHN,48,51,NA,3,F,f,
91.9R,Naturalized,2/25/13,3,CHN,54,58,NA,3,F,t,
91.9R,Naturalized,2/25/13,3,CHN,52,56,NA,3,F,t,
91.9R,Naturalized,2/25/13,3,CHN,50,54,NA,3,F,f,
91.9R,Naturalized,2/25/13,3,CHN,42,45,NA,2,F,f,
91.9R,Naturalized,2/25/13,3,CHN,55,59,NA,3,F,t,
91.9R,Naturalized,2/25/13,3,CHN,51,56,NA,3,F,f,
91.9R,Naturalized,2/25/13,3,CHN,53,57,NA,3,F,f,
91.9R,Naturalized,2/25/13,3,CHN,55,59,NA,3,F,f,
91.9R,Naturalized,2/25/13,3,CHN,52,55,NA,3,F,f,
91.9R,Naturalized,2/25/13,3,CHN,55,58,NA,3,F,f,
91.9R,Naturalized,2/25/13,3,CHN,48,51,NA,3,F,f,
91.9R,Naturalized,2/25/13,3,CHN,45,59,NA,3,F,f,
91.9R,Naturalized,2/25/13,3,CHN,47,51,NA,3,F,f,
91.9R,Naturalized,2/25/13,3,CHN,46,50,NA,3,F,f,
91.9R,Naturalized,2/25/13,3,CHN,51,55,NA,3,F,f,
91.9R,Naturalized,2/25/13,3,CHN,52,57,NA,3,F,f,
91.9R,Naturalized,2/25/13,3,CHN,53,57,NA,3,F,f,
91.9R,Naturalized,2/25/13,3,CHN,51,56,NA,3,F,f,
91.9R,Naturalized,2/25/13,3,CHN,44,47,NA,3,F,f,
91.9R,Naturalized,2/25/13,3,CHN,49,53,NA,3,F,f,
91.9R,Naturalized,2/25/13,3,CHN,47,50,NA,3,F,f,
91.9R,Naturalized,2/25/13,3,CHN,52,56,NA,3,F,f,
91.9R,Naturalized,2/25/13,3,CHN,48,53,NA,3,F,f,
91.9R,Naturalized,2/25/13,3,CHN,48,52,NA,3,F,f,
91.9R,Naturalized,2/25/13,3,CHN,49,53,NA,3,F,f,
91.9R,Naturalized,2/25/13,3,CHN,44,47,NA,2,F,f,
91.9R,Naturalized,2/25/13,3,CHN,47,50,NA,3,F,f,
91.9R,Naturalized,2/25/13,3,CHN,46,50,NA,3,F,f,
91.9R,Naturalized,2/25/13,3,CHN,49,53,NA,3,F,f,
91.9R,Naturalized,2/25/13,3,CHN,48,51,NA,3,F,f,
91.9R,Naturalized,2/25/13,3,CHN,49,52,NA,3,F,f,
91.9R,Naturalized,2/25/13,3,CHN,46,49,NA,3,F,f,
91.9R,Naturalized,2/25/13,3,CHN,43,46,NA,3,F,f,
91.9R,Naturalized,2/25/13,3,CHN,40,42,NA,2,F,f,
91.9R,Naturalized,2/25/13,3,CHN,47,50,NA,3,F,f,
91.9R,Naturalized,2/25/13,3,CHN,45,49,NA,3,F,f,
91.9R,Naturalized,2/25/13,3,CHN,50,53,NA,3,F,f,
91.9R,Naturalized,2/25/13,3,CHN,43,46,NA,2,F,f,
91.9R,Naturalized,2/25/13,3,CHN,60,65,NA,3,S,f,
91.9R,Naturalized,2/25/13,3,FHM,44,48,NA,NA,NA,f,
91.9R,Naturalized,2/25/13,3,FHM,41,44,NA,NA,NA,f,
91.9R,Naturalized,2/25/13,3,FHM,34,36,NA,NA,NA,f,
91.9R,Naturalized,2/25/13,3,FHM,42,44,NA,NA,NA,f,
91.9R,Naturalized,2/25/13,3,FHM,52,56,NA,NA,NA,f,
91.9R,Naturalized,2/25/13,3,FHM,36,40,NA,NA,NA,f,
91.9R,Naturalized,2/25/13,3,FHM,39,41,NA,NA,NA,f,
91.9R,Naturalized,2/25/13,3,FHM,50,54,NA,NA,NA,f,
91.9R,Naturalized,2/25/13,3,FHM,46,49,NA,NA,NA,f,
91.9R,Naturalized,2/25/13,3,FHM,53,57,NA,NA,NA,f,
91.9R,Naturalized,2/25/13,3,FHM,NA,NA,NA,NA,NA,f,
91.9R,Naturalized,2/25/13,3,FHM,45,49,NA,NA,NA,f,
91.9R,Naturalized,2/25/13,3,FHM,38,42,NA,NA,NA,f,
91.9R,Naturalized,2/25/13,3,FHM,44,46,NA,NA,NA,f,
91.9R,Naturalized,2/25/13,3,FHM,46,50,NA,NA,NA,f,
91.9R,Naturalized,2/25/13,3,FHM,40,43,NA,NA,NA,f,
91.9R,Naturalized,2/25/13,3,FHM,50,54,NA,NA,NA,f,
91.9R,Naturalized,2/25/13,3,FHM,48,57,NA,NA,NA,f,
91.9R,Naturalized,2/25/13,3,FHM,64,68,NA,NA,NA,f,
91.9R,Naturalized,2/25/13,3,FHM,57,62,NA,NA,NA,f,
91.9R,Naturalized,2/25/13,3,GSN,46,48,NA,NA,NA,f,
91.9R,Naturalized,2/25/13,3,GSN,35,37,NA,NA,NA,f,
91.9R,Naturalized,2/25/13,3,GSN,56,58,NA,NA,NA,f,
91.9R,Naturalized,2/25/13,3,GSN,38,40,NA,NA,NA,f,
91.9R,Naturalized,2/25/13,3,MQK,NA,41,NA,NA,NA,f,
91.9R,Naturalized,2/25/13,3,MSS,50,55,NA,NA,NA,f,
91.9R,Naturalized,2/25/13,3,MSS,54,59,NA,NA,NA,f,
91.9R,Naturalized,2/25/13,3,RES,156,164,NA,NA,NA,f,
91.9R,Naturalized,2/25/13,3,SASQ,53,56,NA,NA,NA,f,
91.9R,Naturalized,2/25/13,3,SASQ,45,49,NA,NA,NA,f,
91.9R,Naturalized,2/25/13,3,SASQ,70,76,NA,NA,NA,f,
91.9R,Naturalized,2/25/13,3,SASU,33,35,NA,NA,NA,f,
91.9R,Naturalized,2/25/13,3,SASU,36,38,NA,NA,NA,f,
91.9R,Naturalized,2/25/13,3,SASU,30,31,NA,NA,NA,f,
91.9R,Naturalized,2/25/13,3,SASU,35,37,NA,NA,NA,f,
91.9R,Naturalized,2/25/13,3,SASU,40,43,NA,NA,NA,f,
91.9R,Naturalized,2/25/13,3,SASU,33,35,NA,NA,NA,f,
91.9R,Naturalized,2/25/13,3,SASU,37,39,NA,NA,NA,f,
91.9R,Naturalized,2/25/13,3,SASU,26,28,NA,NA,NA,f,
91.9R,Naturalized,2/25/13,3,SASU,35,37,NA,NA,NA,f,
91.9R,Naturalized,2/25/13,3,TSS,NA,21,NA,NA,NA,f,
91.9R,Naturalized,2/25/13,3,TSS,NA,24,NA,NA,NA,f,
90.8R,Naturalized,2/25/13,3,CHN,49,51,NA,3,F,f,
90.8R,Naturalized,2/25/13,3,CHN,40,42,NA,2,F,f,
90.8R,Naturalized,2/25/13,3,CHN,37,39,NA,2,F,f,
90.8R,Naturalized,2/25/13,3,CHN,48,51,NA,3,F,f,
90.8R,Naturalized,2/25/13,3,CHN,48,51,NA,3,F,f,
90.8R,Naturalized,2/25/13,3,CHN,49,52,NA,3,F,f,
90.8R,Naturalized,2/25/13,3,CHN,48,51,NA,3,F,f,
90.8R,Naturalized,2/25/13,3,CHN,47,50,NA,3,F,f,
90.8R,Naturalized,2/25/13,3,CHN,45,48,NA,3,F,f,
90.8R,Naturalized,2/25/13,3,CHN,45,48,NA,3,F,f,
90.8R,Naturalized,2/25/13,3,CHN,44,46,NA,3,F,f,
90.8R,Naturalized,2/25/13,3,CHN,46,50,NA,3,F,f,
90.8R,Naturalized,2/25/13,3,CHN,45,48,NA,3,F,f,
90.8R,Naturalized,2/25/13,3,CHN,42,45,NA,2,F,f,
90.8R,Naturalized,2/25/13,3,CHN,49,52,NA,3,F,f,
90.8R,Naturalized,2/25/13,3,CHN,47,50,NA,3,F,f,
90.8R,Naturalized,2/25/13,3,CHN,46,48,NA,3,F,f,
90.8R,Naturalized,2/25/13,3,CHN,44,47,NA,3,F,f,
90.8R,Naturalized,2/25/13,3,CHN,48,51,NA,3,F,f,
90.8R,Naturalized,2/25/13,3,CHN,48,51,NA,3,F,f,
90.8R,Naturalized,2/25/13,3,CHN,52,55,NA,3,F,f,
90.8R,Naturalized,2/25/13,3,CHN,50,53,NA,3,F,f,
90.8R,Naturalized,2/25/13,3,CHN,45,48,NA,3,F,f,
90.8R,Naturalized,2/25/13,3,CHN,45,48,NA,3,F,f,
90.8R,Naturalized,2/25/13,3,CHN,45,49,NA,3,F,f,
90.8R,Naturalized,2/25/13,3,CHN,48,51,NA,3,F,f,
90.8R,Naturalized,2/25/13,3,CHN,47,50,NA,3,F,f,
90.8R,Naturalized,2/25/13,3,GSN,38,NA,NA,NA,NA,f,
90.8R,Naturalized,2/25/13,3,MSS,56,60,NA,NA,NA,f,
90.8R,Naturalized,2/25/13,3,MSS,45,48,NA,NA,NA,f,
90.8R,Naturalized,2/25/13,3,MSS,45,48,NA,NA,NA,f,
90.8R,Naturalized,2/25/13,3,MSS,62,66,NA,NA,NA,f,
90.8R,Naturalized,2/25/13,3,RSN,37,41,NA,NA,NA,f,
90.8R,Naturalized,2/25/13,3,SASU,38,39,NA,NA,NA,f,
90.8R,Naturalized,2/25/13,3,SASU,38,40,NA,NA,NA,f,
90.8R,Naturalized,2/25/13,3,SASU,NA,NA,NA,NA,NA,f,
90.8L,Unmitigated,2/25/13,3,CHN,51,54,NA,3,F,f,
90.8L,Unmitigated,2/25/13,3,CHN,48,52,NA,3,F,f,
90.8L,Unmitigated,2/25/13,3,CHN,53,56,NA,3,F,f,
90.8L,Unmitigated,2/25/13,3,CHN,52,56,NA,3,F,f,
90.8L,Unmitigated,2/25/13,3,CHN,45,48,NA,3,F,f,
90.8L,Unmitigated,2/25/13,3,FHM,46,49,NA,NA,NA,f,
90.8L,Unmitigated,2/25/13,3,GSN,46,48,NA,NA,NA,f,
90.8L,Unmitigated,2/25/13,3,SASQ,75,81,NA,NA,NA,f,
90.8L,Unmitigated,2/25/13,3,SASU,54,57,NA,NA,NA,f,
90.8L,Unmitigated,2/25/13,3,SASU,70,74,NA,NA,NA,f,
90.8L,Unmitigated,2/25/13,3,SASU,60,63,NA,NA,NA,f,
90.8L,Unmitigated,2/25/13,3,SASU,50,52,NA,NA,NA,f,
90.8L,Unmitigated,2/25/13,3,SASU,51,55,NA,NA,NA,f,
90.8L,Unmitigated,2/25/13,3,SASU,NA,NA,NA,NA,NA,f,
87.0L,Slope,2/25/13,3,CHN,55,59,NA,3,F,f,
87.0L,Slope,2/25/13,3,CHN,48,51,NA,3,F,f,
87.0L,Slope,2/25/13,3,CHN,48,51,NA,3,F,f,
87.0L,Slope,2/25/13,3,CHN,48,51,NA,3,F,f,
87.0L,Slope,2/25/13,3,CHN,45,48,NA,3,F,f,
87.0L,Slope,2/25/13,3,CHN,50,54,NA,3,F,f,
87.0L,Slope,2/25/13,3,CHN,45,48,NA,3,F,f,
87.0L,Slope,2/25/13,3,CHN,48,51,NA,3,F,f,
87.0L,Slope,2/25/13,3,CHN,49,53,NA,3,F,f,
87.0L,Slope,2/25/13,3,CHN,48,52,NA,3,F,f,
87.0L,Slope,2/25/13,3,CHN,48,51,NA,3,F,f,
87.0L,Slope,2/25/13,3,CHN,92,100,NA,5,W,f,
87.0L,Slope,2/25/13,3,MSS,58,63,NA,NA,NA,f,
87.0L,Slope,2/25/13,3,RBT,230,237,NA,NA,NA,f,AD CLIP 
87.0L,Slope,2/25/13,3,SASU,38,40,NA,NA,NA,f,
87.0L,Slope,2/25/13,3,SASU,39,41,NA,NA,NA,f,
85.6R,NoBench,2/25/13,3,BAS,70,72,NA,NA,NA,f,
85.6R,NoBench,2/25/13,3,BAS,65,67,NA,NA,NA,f,
85.6R,NoBench,2/25/13,3,BGS,110,118,NA,NA,NA,f,
85.6R,NoBench,2/25/13,3,BGS,105,111,NA,NA,NA,f,
85.6R,NoBench,2/25/13,3,CHN,49,53,NA,3,F,f,
85.6R,NoBench,2/25/13,3,CHN,57,61,NA,3,F,f,
85.6R,NoBench,2/25/13,3,CHN,46,49,NA,3,F,f,
85.6R,NoBench,2/25/13,3,CHN,47,51,NA,3,F,f,
85.6R,NoBench,2/25/13,3,CHN,48,51,NA,3,F,f,
85.6R,NoBench,2/25/13,3,CHN,48,51,NA,3,F,f,
85.6R,NoBench,2/25/13,3,CHN,48,51,NA,3,F,f,
85.6R,NoBench,2/25/13,3,CHN,47,50,NA,3,F,f,
85.6R,NoBench,2/25/13,3,CHN,49,52,NA,3,F,f,
85.6R,NoBench,2/25/13,3,CHN,49,53,NA,3,F,f,
85.6R,NoBench,2/25/13,3,GSN,NA,NA,NA,NA,NA,f,NO TAIL
85.6R,NoBench,2/25/13,3,SASQ,67,72,NA,NA,NA,f,
85.6R,NoBench,2/25/13,3,SASQ,60,66,NA,NA,NA,f,
85.6R,NoBench,2/25/13,3,SASQ,58,63,NA,NA,NA,f,
85.6R,NoBench,2/25/13,3,SASQ,84,91,NA,NA,NA,f,
85.6R,NoBench,2/25/13,3,SASQ,72,80,NA,NA,NA,f,
85.6R,NoBench,2/25/13,3,SASQ,68,75,NA,NA,NA,f,
85.6R,NoBench,2/25/13,3,SASQ,70,78,NA,NA,NA,f,
85.6R,NoBench,2/25/13,3,SASQ,55,61,NA,NA,NA,f,
85.6R,NoBench,2/25/13,3,SASQ,158,173,NA,NA,NA,f,
85.6R,NoBench,2/25/13,3,SASQ,58,64,NA,NA,NA,f,
85.6R,NoBench,2/25/13,3,SASQ,NA,NA,NA,NA,NA,f,
85.6R,NoBench,2/25/13,3,SASQ,NA,NA,NA,NA,NA,f,
85.6R,NoBench,2/25/13,3,SASQ,64,69,NA,NA,NA,f,
85.6R,NoBench,2/25/13,3,SASQ,65,71,NA,NA,NA,f,
85.6R,NoBench,2/25/13,3,SASQ,70,76,NA,NA,NA,f,
85.6R,NoBench,2/25/13,3,SASQ,66,73,NA,NA,NA,f,
85.6R,NoBench,2/25/13,3,SASQ,61,66,NA,NA,NA,f,
85.6R,NoBench,2/25/13,3,SASQ,51,57,NA,NA,NA,f,
85.6R,NoBench,2/25/13,3,SASQ,59,64,NA,NA,NA,f,
85.6R,NoBench,2/25/13,3,SASQ,144,157,NA,NA,NA,f,
85.6R,NoBench,2/25/13,3,SASQ,105,118,NA,NA,NA,f,
85.6R,NoBench,2/25/13,3,SASQ,121,132,NA,NA,NA,f,
85.6R,NoBench,2/25/13,3,SASQ,69,75,NA,NA,NA,f,
85.6R,NoBench,2/25/13,3,SASQ,73,77,NA,NA,NA,f,
85.6R,NoBench,2/25/13,3,SASQ,72,78,NA,NA,NA,f,
85.6R,NoBench,2/25/13,3,SASQ,70,76,NA,NA,NA,f,
85.6R,NoBench,2/25/13,3,SASQ,65,71,NA,NA,NA,f,
85.6R,NoBench,2/25/13,3,SASQ,65,72,NA,NA,NA,f,
85.6R,NoBench,2/25/13,3,SASQ,59,65,NA,NA,NA,f,
85.6R,NoBench,2/25/13,3,SASQ,58,64,NA,NA,NA,f,
85.6R,NoBench,2/25/13,3,SASQ,61,67,NA,NA,NA,f,
85.6R,NoBench,2/25/13,3,SASQ,65,70,NA,NA,NA,f,
85.6R,NoBench,2/25/13,3,SASQ,61,66,NA,NA,NA,f,
85.6R,NoBench,2/25/13,3,SASQ,70,77,NA,NA,NA,f,
85.6R,NoBench,2/25/13,3,SASQ,56,61,NA,NA,NA,f,
85.6R,NoBench,2/25/13,3,SASQ,55,59,NA,NA,NA,f,
85.6R,NoBench,2/25/13,3,SASQ,53,58,NA,NA,NA,f,
85.6R,NoBench,2/25/13,3,SASQ,53,57,NA,NA,NA,f,
85.6R,NoBench,2/25/13,3,SASQ,61,66,NA,NA,NA,f,
85.6R,NoBench,2/25/13,3,SASQ,57,61,NA,NA,NA,f,
85.6R,NoBench,2/25/13,3,SASU,70,74,NA,NA,NA,f,
85.6R,NoBench,2/25/13,3,SASU,56,60,NA,NA,NA,f,
85.6R,NoBench,2/25/13,3,SASU,410,434,NA,NA,NA,f,
85.6R,NoBench,2/25/13,3,SASU,355,380,NA,NA,NA,f,
85.6R,NoBench,2/25/13,3,SASU,50,53,NA,NA,NA,f,
85.6R,NoBench,2/25/13,3,SASU,47,49,NA,NA,NA,f,
85.6R,NoBench,2/25/13,3,SASU,NA,NA,NA,NA,NA,f,
85.6R,NoBench,2/25/13,3,TP,69,72,NA,NA,NA,f,
85.6L,Unmitigated,2/25/13,3,CHN,57,60,NA,3,F,f,
85.6L,Unmitigated,2/25/13,3,CHN,49,53,NA,3,F,f,
85.6L,Unmitigated,2/25/13,3,CHN,37,39,NA,2,F,f,
85.6L,Unmitigated,2/25/13,3,RSN,54,59,NA,NA,NA,f,
85.6L,Unmitigated,2/25/13,3,SASU,21,24,NA,NA,NA,f,
85.6L,Unmitigated,2/25/13,3,SASU,38,40,NA,NA,NA,f,
85.6L,Unmitigated,2/25/13,3,SASU,42,44,NA,NA,NA,f,
85.6L,Unmitigated,2/25/13,3,SASU,40,42,NA,NA,NA,f,
85.6L,Unmitigated,2/25/13,3,SASU,53,55,NA,NA,NA,f,
91.9R,Naturalized,3/11/13,4,BAS,125,128,NA,NA,NA,f,
91.9R,Naturalized,3/11/13,4,CHN,58,64,NA,3,F,f,
91.9R,Naturalized,3/11/13,4,CHN,55,59,NA,3,F,f,
91.9R,Naturalized,3/11/13,4,CHN,59,65,NA,3,F,f,
91.9R,Naturalized,3/11/13,4,CHN,59,65,NA,3,F,f,
91.9R,Naturalized,3/11/13,4,CHN,52,57,NA,3,F,f,
91.9R,Naturalized,3/11/13,4,CHN,58,63,NA,3,F,f,
91.9R,Naturalized,3/11/13,4,CHN,52,56,NA,3,F,f,
91.9R,Naturalized,3/11/13,4,CHN,58,63,NA,3,F,f,
91.9R,Naturalized,3/11/13,4,CHN,57,62,NA,3,F,f,
91.9R,Naturalized,3/11/13,4,CHN,55,60,NA,3,F,f,
91.9R,Naturalized,3/11/13,4,CHN,60,64,NA,3,F,f,
91.9R,Naturalized,3/11/13,4,CHN,70,76,NA,3,S,f,
91.9R,Naturalized,3/11/13,4,CHN,65,69,NA,3,S,f,
91.9R,Naturalized,3/11/13,4,CHN,108,117,NA,5,W,f,
91.9R,Naturalized,3/11/13,4,FHM,45,48,NA,NA,NA,f,
91.9R,Naturalized,3/11/13,4,FHM,47,49,NA,NA,NA,f,
91.9R,Naturalized,3/11/13,4,FHM,35,37,NA,NA,NA,f,
91.9R,Naturalized,3/11/13,4,GSN,45,46,NA,NA,NA,f,
91.9R,Naturalized,3/11/13,4,RBT,215,220,NA,5,NA,f,AD CLIP 
91.9R,Naturalized,3/11/13,4,SASQ,55,58,NA,NA,NA,f,
91.9R,Naturalized,3/11/13,4,SASQ,61,NA,NA,NA,NA,f,
91.9R,Naturalized,3/11/13,4,SASU,38,40,NA,NA,NA,f,
91.9R,Naturalized,3/11/13,4,SASU,209,230,NA,NA,NA,f,
91.9R,Naturalized,3/11/13,4,SASU,50,52,NA,NA,NA,t,
91.9R,Naturalized,3/11/13,4,SASU,45,47,NA,NA,NA,f,
91.9R,Naturalized,3/11/13,4,UNID,30,33,NA,NA,NA,f,
90.8R,Naturalized,3/11/13,4,CHN,52,57,NA,3,F,f,
90.8R,Naturalized,3/11/13,4,CHN,58,63,NA,3,F,f,
90.8R,Naturalized,3/11/13,4,CHN,52,56,NA,3,F,f,
90.8R,Naturalized,3/11/13,4,CHN,58,63,NA,3,F,f,
90.8R,Naturalized,3/11/13,4,CHN,57,62,NA,3,F,f,
90.8R,Naturalized,3/11/13,4,CHN,55,60,NA,3,F,f,
90.8R,Naturalized,3/11/13,4,CHN,60,64,NA,3,F,f,
90.8R,Naturalized,3/11/13,4,CHN,65,69,NA,3,S,f,
90.8R,Naturalized,3/11/13,4,SASU,209,230,NA,3,NA ,f,
90.8R,Naturalized,3/11/13,4,SASU,50,52,NA,3,NA ,t,
90.8R,Naturalized,3/11/13,4,SASU,45,47,NA,3,NA ,f,
90.8R,Naturalized,3/11/13,4,RBT,215,220,NA,3,NA ,f,
90.8R,Naturalized,3/11/13,4,FHM,47,49,NA,3,NA ,f,
90.8R,Naturalized,3/11/13,4,FHM,35,37,NA,3,NA ,f,
90.8L,Unmitigated,3/11/13,4,CHN,55,58,NA,3,F,f,INJURED 
90.8L,Unmitigated,3/11/13,4,CHN,55,58,NA,3,F,f,
90.8L,Unmitigated,3/11/13,4,CHN,60,63,NA,3,F,f,
90.8L,Unmitigated,3/11/13,4,CHN,60,64,NA,3,F,f,
90.8L,Unmitigated,3/11/13,4,FHM,48,53,NA,NA,NA,f,
90.8L,Unmitigated,3/11/13,4,FHM,36,38,NA,NA,NA,f,
90.8L,Unmitigated,3/11/13,4,FHM,42,44,NA,NA,NA,f,
90.8L,Unmitigated,3/11/13,4,SASU,54,56,NA,NA,NA,f,
90.8L,Unmitigated,3/11/13,4,SASU,54,57,NA,NA,NA,f,
90.8L,Unmitigated,3/11/13,4,SASU,42,44,NA,NA,NA,f,
90.8L,Unmitigated,3/11/13,4,SASU,40,42,NA,NA,NA,f,
90.8L,Unmitigated,3/11/13,4,SASU,50,52,NA,NA,NA,f,
90.8L,Unmitigated,3/11/13,4,SASU,52,55,NA,NA,NA,f,
90.8L,Unmitigated,3/11/13,4,SASU,57,60,NA,NA,NA,f,
90.8L,Unmitigated,3/11/13,4,SASU,46,48,NA,NA,NA,f,
90.8L,Unmitigated,3/11/13,4,SASU,52,53,NA,NA,NA,f,
90.8L,Unmitigated,3/11/13,4,SASU,NA,NA,NA,NA,NA,f,
87.0L,Slope,3/11/13,4,GSN,43,45,NA,NA,NA,f,
87.0L,Slope,3/11/13,4,BAS,303,313,NA,NA,NA,f,
87.0L,Slope,3/11/13,4,SASU,42,44,NA,NA,NA,f,
85.6R,NoBench,3/11/13,4,BAS,100,103,NA,NA,NA,f,
85.6R,NoBench,3/11/13,4,CHN,58,62,NA,3,F,f,
85.6R,NoBench,3/11/13,4,BAS,270,285,NA,NA,NA,f,
85.6R,NoBench,3/11/13,4,SASQ,65,70,NA,NA,NA,f,
85.6R,NoBench,3/11/13,4,SASQ,79,87,NA,NA,NA,f,
85.6R,NoBench,3/11/13,4,SASQ,111,114,NA,NA,NA,f,
85.6R,NoBench,3/11/13,4,SASQ,54,61,NA,NA,NA,f,
85.6R,NoBench,3/11/13,4,SASU,42,45,NA,NA,NA,f,
85.6R,NoBench,3/11/13,4,SASU,57,61,NA,NA,NA,f,
85.6R,NoBench,3/11/13,4,BAS,232,242,NA,NA,NA,f,
85.6R,NoBench,3/11/13,4,W,42,NA,NA,NA,NA,f,
85.6L,Unmitigated,3/11/13,4,SASU,85,92,NA,NA,NA,f,
85.6L,Unmitigated,3/11/13,4,SASU,38,40,NA,NA,NA,f,
72.2R,Bench,3/12/13,4,BAS,96,99,NA,NA,NA,f,
72.2R,Bench,3/12/13,4,BAS,78,81,NA,NA,NA,f,
72.2R,Bench,3/12/13,4,BAS,78,79,NA,NA,NA,f,
72.2R,Bench,3/12/13,4,BAS,80,82,NA,NA,NA,f,
72.2R,Bench,3/12/13,4,BAS,75,76,NA,NA,NA,f,
72.2R,Bench,3/12/13,4,BAS,75,79,NA,NA,NA,f,
72.2R,Bench,3/12/13,4,CHN,52,57,NA,3,F,f,
72.2R,Bench,3/12/13,4,CHN,47,49,NA,3,F,f,
72.2R,Bench,3/12/13,4,CHN,46,49,NA,3,F,f,
72.2R,Bench,3/12/13,4,CHN,51,54,NA,3,F,f,
72.2R,Bench,3/12/13,4,CHN,56,59,NA,3,F,f,
72.2R,Bench,3/12/13,4,GSF,50,50,NA,NA,NA,f,
72.2R,Bench,3/12/13,4,RBT,223,232,NA,5,NA,f,HATCHERY
72.2R,Bench,3/12/13,4,RBT,221,231,NA,5,NA,f,HATCHERY
72.2R,Bench,3/12/13,4,RBT,213,220,NA,5,NA,f,HATCHERY
72.2R,Bench,3/12/13,4,SASQ,125,134,NA,NA,NA,f,
72.2R,Bench,3/12/13,4,SASQ,66,72,NA,NA,NA,f,
72.2R,Bench,3/12/13,4,SASQ,74,78,NA,NA,NA,f,
72.2R,Bench,3/12/13,4,SCB,452,488,NA,NA,NA,f,
69.9R,NoBench,3/12/13,4,BAS,117,122,NA,NA,NA,f,
69.9R,NoBench,3/12/13,4,BAS,65,69,NA,NA,NA,f,
69.9R,NoBench,3/12/13,4,BAS,72,76,NA,NA,NA,f,
69.9R,NoBench,3/12/13,4,BAS,56,60,NA,NA,NA,f,
69.9R,NoBench,3/12/13,4,BAS,65,69,NA,NA,NA,f,
69.9R,NoBench,3/12/13,4,BAS,64,68,NA,NA,NA,f,
69.9R,NoBench,3/12/13,4,BAS,147,156,NA,NA,NA,f,
69.9R,NoBench,3/12/13,4,BAS,73,78,NA,NA,NA,f,
69.9R,NoBench,3/12/13,4,BAS,63,68,NA,NA,NA,f,
69.9R,NoBench,3/12/13,4,BAS,60,64,NA,NA,NA,f,
69.9R,NoBench,3/12/13,4,BAS,64,68,NA,NA,NA,f,
69.9R,NoBench,3/12/13,4,BAS,63,67,NA,NA,NA,f,
69.9R,NoBench,3/12/13,4,BAS,58,61,NA,NA,NA,f,
69.9R,NoBench,3/12/13,4,BAS,60,64,NA,NA,NA,t,
69.9R,NoBench,3/12/13,4,BAS,62,66,NA,NA,NA,f,
69.9R,NoBench,3/12/13,4,BAS,59,63,NA,NA,NA,f,
69.9R,NoBench,3/12/13,4,BAS,81,86,NA,NA,NA,f,
69.9R,NoBench,3/12/13,4,BAS,80,84,NA,NA,NA,f,
69.9R,NoBench,3/12/13,4,BAS,92,97,NA,NA,NA,f,
69.9R,NoBench,3/12/13,4,BAS,77,82,NA,NA,NA,f,
69.9R,NoBench,3/12/13,4,BAS,NA,NA,NA,NA,NA,f,
69.9R,NoBench,3/12/13,4,BAS,NA,NA,NA,NA,NA,f,
69.9R,NoBench,3/12/13,4,BAS,NA,NA,NA,NA,NA,f,
69.9R,NoBench,3/12/13,4,CHN,57,61,NA,3,F,f,INJURED 
69.9R,NoBench,3/12/13,4,CHN,52,56,NA,3,F,f,
69.9R,NoBench,3/12/13,4,CHN,51,55,NA,3,F,f,
69.9R,NoBench,3/12/13,4,CHN,55,60,NA,3,F,f,
69.9R,NoBench,3/12/13,4,CHN,59,64,NA,3,F,f,
69.9R,NoBench,3/12/13,4,CHN,48,52,NA,3,F,f,
69.9R,NoBench,3/12/13,4,CHN,51,56,NA,3,F,f,
69.9R,NoBench,3/12/13,4,CHN,63,68,NA,3,F,f,
69.9R,NoBench,3/12/13,4,CHN,59,64,NA,3,F,f,
69.9R,NoBench,3/12/13,4,CHN,48,52,NA,3,F,f,
69.9R,NoBench,3/12/13,4,CHN,66,71,NA,3,S,f,
69.9R,NoBench,3/12/13,4,GSF,45,46,NA,NA,NA,f,
69.9R,NoBench,3/12/13,4,MSS,63,69,NA,NA,NA,f,
69.9R,NoBench,3/12/13,4,MSS,64,68,NA,NA,NA,f,
69.9R,NoBench,3/12/13,4,RBT,196,209,NA,5,NA,f,
69.9R,NoBench,3/12/13,4,SASQ,80,88,NA,NA,NA,f,
69.9R,NoBench,3/12/13,4,SASQ,65,72,NA,NA,NA,f,
69.9R,NoBench,3/12/13,4,SASQ,97,107,NA,NA,NA,f,
69.9R,NoBench,3/12/13,4,SASQ,147,163,NA,NA,NA,f,
69.9R,NoBench,3/12/13,4,SASQ,78,85,NA,NA,NA,f,
69.9R,NoBench,3/12/13,4,SASQ,60,66,NA,NA,NA,f,
69.9R,NoBench,3/12/13,4,SASQ,87,96,NA,NA,NA,f,
69.9R,NoBench,3/12/13,4,SASQ,122,137,NA,NA,NA,f,
69.9R,NoBench,3/12/13,4,SASU,NA,NA,NA,NA,NA,f,
69.9R,NoBench,3/12/13,4,SCP,NA,NA,NA,NA,NA,f,
69.1L,Naturalized,3/12/13,4,CHN,40,42,NA,2,F,f,
69.1L,Naturalized,3/12/13,4,CHN,61,67,NA,3,F,f,
69.1L,Naturalized,3/12/13,4,CHN,56,60,NA,3,F,f,
69.1L,Naturalized,3/12/13,4,CHN,52,56,NA,3,F,f,
69.1L,Naturalized,3/12/13,4,CHN,51,55,NA,3,F,f,
69.1L,Naturalized,3/12/13,4,CHN,48,51,NA,3,F,f,
69.1L,Naturalized,3/12/13,4,CHN,53,56,NA,3,F,f,
69.1L,Naturalized,3/12/13,4,CHN,66,71,NA,3,S,f,
69.1L,Naturalized,3/12/13,4,SASU,39,40,NA,NA,NA,t,
56.0R,Unmitigated,3/12/13,4,BAS,89,92,NA,NA,NA,f,
56.0R,Unmitigated,3/12/13,4,BAS,50,52,NA,NA,NA,f,
56.0R,Unmitigated,3/12/13,4,BGS,109,115,NA,NA,NA,f,
56.0R,Unmitigated,3/12/13,4,BGS,121,126,NA,NA,NA,f,
56.0R,Unmitigated,3/12/13,4,BGS,96,104,NA,NA,NA,f,
56.0R,Unmitigated,3/12/13,4,BGS,95,101,NA,NA,NA,f,
56.0R,Unmitigated,3/12/13,4,BGS,114,118,NA,NA,NA,f,
56.0R,Unmitigated,3/12/13,4,BGS,110,116,NA,NA,NA,f,
56.0R,Unmitigated,3/12/13,4,BGS,113,120,NA,NA,NA,f,
56.0R,Unmitigated,3/12/13,4,RES,100,104,NA,NA,NA,f,
56.0R,Unmitigated,3/12/13,4,SASQ,196,210,NA,NA,NA,f,
56.0R,Unmitigated,3/12/13,4,SASQ,165,180,NA,NA,NA,f,
56.0R,Unmitigated,3/12/13,4,SASQ,71,78,NA,NA,NA,f,
56.0R,Unmitigated,3/12/13,4,SASQ,140,150,NA,NA,NA,f,
56.0R,Unmitigated,3/12/13,4,SASQ,135,150,NA,NA,NA,f,
56.0R,Unmitigated,3/12/13,4,SASQ,99,107,NA,NA,NA,f,
56.0R,Unmitigated,3/12/13,4,SASQ,157,170,NA,NA,NA,f,
56.0R,Unmitigated,3/12/13,4,SASQ,109,116,NA,NA,NA,f,
56.0R,Unmitigated,3/12/13,4,SASQ,110,121,NA,NA,NA,f,
56.0R,Unmitigated,3/12/13,4,SASQ,121,134,NA,NA,NA,f,
56.0R,Unmitigated,3/12/13,4,SASQ,NA,NA,NA,NA,NA,f,
56.0R,Unmitigated,3/12/13,4,SASQ,130,140,NA,NA,NA,f,
56.0R,Unmitigated,3/12/13,4,SASQ,80,87,NA,NA,NA,f,
56.0R,Unmitigated,3/12/13,4,SASQ,72,77,NA,NA,NA,f,
56.0R,Unmitigated,3/12/13,4,SCP,NA,100,NA,NA,NA,f,
56.0R,Unmitigated,3/12/13,4,SCP,NA,90,NA,NA,NA,f,
56.0R,Unmitigated,3/12/13,4,TP,85,88,NA,NA,NA,f,
50.3R,Naturalized,3/12/13,4,BAS,53,55,NA,NA,NA,f,
50.3R,Naturalized,3/12/13,4,CHN,43,45,NA,2,F,t,
50.3R,Naturalized,3/12/13,4,CHN,37,39,NA,2,F,f,
50.3R,Naturalized,3/12/13,4,CHN,37,39,NA,2,F,f,
50.3R,Naturalized,3/12/13,4,CHN,37,39,NA,2,F,f,
50.3R,Naturalized,3/12/13,4,CHN,47,49,NA,3,F,t,
50.3R,Naturalized,3/12/13,4,CHN,42,44,NA,2,F,t,
50.3R,Naturalized,3/12/13,4,CHN,43,45,NA,2,F,t,
50.3R,Naturalized,3/12/13,4,CHN,39,41,NA,2,F,t,
50.3R,Naturalized,3/12/13,4,CHN,42,43,NA,2,F,f,
50.3R,Naturalized,3/12/13,4,CHN,37,39,NA,2,F,f,
50.3R,Naturalized,3/12/13,4,CHN,45,49,NA,3,F,f,
50.3R,Naturalized,3/12/13,4,CHN,47,50,NA,3,F,f,
50.3R,Naturalized,3/12/13,4,CHN,49,53,NA,3,F,f,
50.3R,Naturalized,3/12/13,4,CHN,43,46,NA,2,F,f,
50.3R,Naturalized,3/12/13,4,CHN,40,42,NA,2,F,f,
50.3R,Naturalized,3/12/13,4,CHN,50,53,NA,3,F,f,
50.3R,Naturalized,3/12/13,4,CHN,47,50,NA,3,F,f,
50.3R,Naturalized,3/12/13,4,CHN,50,54,NA,3,F,f,
50.3R,Naturalized,3/12/13,4,CHN,58,62,NA,3,F,f,
50.3R,Naturalized,3/12/13,4,FHM,62,66,NA,NA,NA,f,
50.3R,Naturalized,3/12/13,4,GSN,83,93,NA,NA,NA,f,
50.3R,Naturalized,3/12/13,4,GSN,77,85,NA,NA,NA,f,
50.3R,Naturalized,3/12/13,4,GSN,89,NA,NA,NA,NA,f,
50.3R,Naturalized,3/12/13,4,GSN,86,97,NA,NA,NA,f,
50.3R,Naturalized,3/12/13,4,MSS,65,70,NA,NA,NA,f,
50.3R,Naturalized,3/12/13,4,RBT,202,210,NA,5,NA,f,
50.3R,Naturalized,3/12/13,4,RBT,225,235,NA,5,NA,f,
50.3R,Naturalized,3/12/13,4,SASQ,65,70,NA,NA,NA,f,
50.3R,Naturalized,3/12/13,4,SASQ,145,156,NA,NA,NA,f,
50.3R,Naturalized,3/12/13,4,SCP,NA,73,NA,NA,NA,f,
50.2L,NoBench,3/12/13,4,BAS,62,63,NA,NA,NA,f,
50.2L,NoBench,3/12/13,4,BAS,78,81,NA,NA,NA,f,
50.2L,NoBench,3/12/13,4,BAS,72,74,NA,NA,NA,f,
50.2L,NoBench,3/12/13,4,CHN,40,42,NA,2,F,f,
50.2L,NoBench,3/12/13,4,CHN,43,46,NA,2,F,f,
50.2L,NoBench,3/12/13,4,CHN,45,48,NA,3,F,f,
50.2L,NoBench,3/12/13,4,CHN,41,43,NA,2,F,f,
50.2L,NoBench,3/12/13,4,CHN,40,42,NA,2,F,f,
50.2L,NoBench,3/12/13,4,CHN,45,49,NA,3,F,f,
50.2L,NoBench,3/12/13,4,CHN,39,41,NA,2,F,f,
50.2L,NoBench,3/12/13,4,CHN,43,46,NA,2,F,f,
50.2L,NoBench,3/12/13,4,CHN,42,45,NA,2,F,f,
50.2L,NoBench,3/12/13,4,CHN,38,41,NA,2,F,f,
50.2L,NoBench,3/12/13,4,CHN,42,45,NA,NA,F,f,
50.2L,NoBench,3/12/13,4,MSS,84,91,NA,NA,NA,f,
50.2L,NoBench,3/12/13,4,MSS,89,97,NA,NA,NA,f,
50.2L,NoBench,3/12/13,4,MSS,83,90,NA,NA,NA,f,
50.2L,NoBench,3/12/13,4,MSS,88,95,NA,NA,NA,f,
50.2L,NoBench,3/12/13,4,MSS,72,76,NA,NA,NA,f,
50.2L,NoBench,3/12/13,4,MSS,83,90,NA,NA,NA,f,
50.2L,NoBench,3/12/13,4,MSS,74,78,NA,NA,NA,f,
50.2L,NoBench,3/12/13,4,MSS,89,96,NA,NA,NA,f,
50.2L,NoBench,3/12/13,4,MSS,82,86,NA,NA,NA,f,
50.2L,NoBench,3/12/13,4,RBT,230,240,NA,5,NA,f,
50.2L,NoBench,3/12/13,4,SCP,NA,79,NA,NA,NA,f,
50.2L,NoBench,3/12/13,4,SCP,NA,85,NA,NA,NA,f,
50.2L,NoBench,3/12/13,4,SCP,NA,104,NA,NA,NA,f,
50.2L,NoBench,3/12/13,4,SCP,NA,89,NA,NA,NA,f,
50.2L,NoBench,3/12/13,4,SCP,NA,81,NA,NA,NA,f,
50.2L,NoBench,3/12/13,4,SCP,NA,70,NA,NA,NA,f,
50.2L,NoBench,3/12/13,4,BAS,74,78,NA,NA,NA,f,
47.9R,Slope,3/13/13,4,BAS,75,78,NA,NA,NA,f,
47.9R,Slope,3/13/13,4,BKS,50,53,NA,NA,NA,f,
47.9R,Slope,3/13/13,4,C,100,112,NA,NA,NA,f,
47.9R,Slope,3/13/13,4,CHN,44,47,NA,NA,F,f,
47.9R,Slope,3/13/13,4,CHN,45,47,NA,3,F,f,
47.9R,Slope,3/13/13,4,CHN,48,52,NA,3,F,f,
47.9R,Slope,3/13/13,4,CHN,47,50,NA,3,F,f,
47.9R,Slope,3/13/13,4,CHN,45,48,NA,3,F,f,
47.9R,Slope,3/13/13,4,CHN,38,40,NA,2,F,f,
47.9R,Slope,3/13/13,4,CHN,49,53,NA,3,F,f,
47.9R,Slope,3/13/13,4,FHM,48,52,NA,NA,NA,f,
47.9R,Slope,3/13/13,4,GSF,52,54,NA,NA,NA,f,
47.9R,Slope,3/13/13,4,RBT,226,235,NA,5,NA,f,INJURED 
47.9R,Slope,3/13/13,4,RBT,225,235,NA,5,NA,f,HATCHERY 
47.9R,Slope,3/13/13,4,SASQ,56,61,NA,NA,NA,f,
47.9R,Slope,3/13/13,4,SASQ,54,57,NA,NA,NA,f,
47.9R,Slope,3/13/13,4,TP,94,97,NA,NA,NA,f,
47.9R,Slope,3/13/13,4,TP,90,94,NA,NA,NA,f,
47.9R,Slope,3/13/13,4,TP,90,95,NA,NA,NA,f,
47.9R,Slope,3/13/13,4,TP,94,97,NA,NA,NA,f,
47.9R,Slope,3/13/13,4,TP,90,94,NA,NA,NA,f,
47.9R,Slope,3/13/13,4,TP,85,91,NA,NA,NA,f,
47.9R,Slope,3/13/13,4,TP,90,94,NA,NA,NA,f,
47.9R,Slope,3/13/13,4,TP,80,85,NA,NA,NA,f,
47.0L,Slope,3/13/13,4,BAS,70,73,NA,NA,NA,f,
47.0L,Slope,3/13/13,4,CHN,42,45,NA,2,F,f,
47.0L,Slope,3/13/13,4,CHN,45,49,NA,3,F,f,
47.0L,Slope,3/13/13,4,CHN,38,40,NA,2,F,f,
47.0L,Slope,3/13/13,4,FHM,54,58,NA,NA,NA,f,
47.0L,Slope,3/13/13,4,FHM,48,52,NA,NA,NA,f,
47.0L,Slope,3/13/13,4,FHM,53,56,NA,NA,NA,f,
47.0L,Slope,3/13/13,4,FHM,56,60,NA,NA,NA,f,
47.0L,Slope,3/13/13,4,MSS,76,81,NA,NA,NA,f,
47.0L,Slope,3/13/13,4,RBT,234,245,NA,5,NA,f,AD CLIP 
47.0L,Slope,3/13/13,4,SASQ,84,92,NA,NA,NA,f,
47.0L,Slope,3/13/13,4,SCP,NA,87,NA,NA,NA,f,
47.0L,Slope,3/13/13,4,SCP,NA,90,NA,NA,NA,f,
47.0L,Slope,3/13/13,4,SCP,NA,82,NA,NA,NA,f,
47.0L,Slope,3/13/13,4,TP,92,98,NA,NA,NA,f,
44.7R,Slope,3/13/13,4,CHN,43,46,NA,NA,F,t,
44.7R,Slope,3/13/13,4,CHN,40,44,NA,2,F,f,
44.7R,Slope,3/13/13,4,CHN,40,43,NA,2,F,f,
44.7R,Slope,3/13/13,4,CHN,40,43,NA,2,F,f,
44.7R,Slope,3/13/13,4,CHN,41,44,NA,2,F,f,
44.7R,Slope,3/13/13,4,CHN,44,48,NA,2,F,f,
44.7R,Slope,3/13/13,4,CHN,43,46,NA,2,F,f,
44.7R,Slope,3/13/13,4,CHN,42,45,NA,2,F,f,
44.7R,Slope,3/13/13,4,CHN,46,49,NA,3,F,f,
44.7R,Slope,3/13/13,4,GSF,74,76,NA,NA,NA,f,
44.7R,Slope,3/13/13,4,MSS,62,66,NA,NA,NA,f,
44.7R,Slope,3/13/13,4,RES,56,60,NA,NA,NA,f,
44.7R,Slope,3/13/13,4,RES,38,38,NA,NA,NA,f,
44.7R,Slope,3/13/13,4,SCP,NA,73,NA,NA,NA,f,
43.7R,Slope,3/13/13,4,BAS,68,69,NA,NA,NA,f,
43.7R,Slope,3/13/13,4,BAS,66,67,NA,NA,NA,f,
43.7R,Slope,3/13/13,4,BAS,65,66,NA,NA,NA,f,
43.7R,Slope,3/13/13,4,CHN,39,41,NA,2,F,f,
43.7R,Slope,3/13/13,4,CHN,53,57,NA,3,F,f,
43.7R,Slope,3/13/13,4,CHN,45,48,NA,3,F,f,
43.7R,Slope,3/13/13,4,CHN,40,42,NA,2,F,f,
43.7R,Slope,3/13/13,4,CHN,40,43,NA,2,F,f,
43.7R,Slope,3/13/13,4,CHN,43,45,NA,2,F,f,
43.7R,Slope,3/13/13,4,MSS,60,65,NA,NA,NA,f,
43.7R,Slope,3/13/13,4,SASU,40,42,NA,NA,NA,f,
43.7R,Slope,3/13/13,4,SASU,45,48,NA,NA,NA,f,
43.7R,Slope,3/13/13,4,SCP,NA,72,NA,NA,NA,f,
91.9R,Naturalized,4/2/13,5,CHN,71,78,NA,5,F,f,
91.9R,Naturalized,4/2/13,5,CHN,67,73,NA,3,F,f,
91.9R,Naturalized,4/2/13,5,CHN,78,85,NA,5,S,f,
91.9R,Naturalized,4/2/13,5,CHN,75,83,NA,5,S,f,
91.9R,Naturalized,4/2/13,5,CHN,76,83,NA,5,S,f,
91.9R,Naturalized,4/2/13,5,CHN,78,85,NA,5,S,f,
91.9R,Naturalized,4/2/13,5,CHN,77,85,NA,5,S,f,
91.9R,Naturalized,4/2/13,5,CHN,80,87,NA,5,S,f,
91.9R,Naturalized,4/2/13,5,CHN,78,85,NA,5,S,f,
91.9R,Naturalized,4/2/13,5,CHN,75,82,NA,5,S,f,
91.9R,Naturalized,4/2/13,5,CHN,76,83,NA,5,S,f,
91.9R,Naturalized,4/2/13,5,CHN,90,100,NA,5,S,f,
91.9R,Naturalized,4/2/13,5,RBT,260,273,NA,NA,NA,f,
91.9R,Naturalized,4/2/13,5,RES,151,160,NA,NA,NA,f,
91.9R,Naturalized,4/2/13,5,RES,162,172,NA,NA,NA,f,
91.9R,Naturalized,4/2/13,5,RES,132,138,NA,NA,NA,f,
91.9R,Naturalized,4/2/13,5,SASQ,212,232,NA,NA,NA,f,
91.9R,Naturalized,4/2/13,5,SASQ,160,172,NA,NA,NA,f,
91.9R,Naturalized,4/2/13,5,SASQ,155,169,NA,NA,NA,f,
91.9R,Naturalized,4/2/13,5,SASQ,75,82,NA,NA,NA,f,
91.9R,Naturalized,4/2/13,5,SASQ,73,78,NA,NA,NA,f,
91.9R,Naturalized,4/2/13,5,SASQ,66,71,NA,NA,NA,f,
91.9R,Naturalized,4/2/13,5,SASU,418,445,NA,NA,NA,f,
91.9R,Naturalized,4/2/13,5,SASU,38,40,NA,NA,NA,f,
91.9R,Naturalized,4/2/13,5,SASU,51,55,NA,NA,NA,f,
91.9R,Naturalized,4/2/13,5,SASU,68,72,NA,NA,NA,f,
91.9R,Naturalized,4/2/13,5,SASU,55,58,NA,NA,NA,f,
91.9R,Naturalized,4/2/13,5,SASU,56,60,NA,NA,NA,f,
91.9R,Naturalized,4/2/13,5,SASU,68,73,NA,NA,NA,f,
91.9R,Naturalized,4/2/13,5,SCB,290,320,NA,NA,NA,f,
91.9R,Naturalized,4/2/13,5,TFS,69,79,NA,NA,NA,f,
91.9R,Naturalized,4/2/13,5,TP,103,109,NA,NA,NA,f,
91.9R,Naturalized,4/2/13,5,TP,NA,NA,NA,NA,NA,f,
91.9R,Naturalized,4/2/13,5,UNID,30,31,NA,NA,NA,f,
90.8R,Naturalized,4/2/13,5,CHN,73,78,NA,5,F,f,
90.8R,Naturalized,4/2/13,5,CHN,69,75,NA,5,F,f,
90.8R,Naturalized,4/2/13,5,CHN,76,84,NA,NA,S,t,
90.8R,Naturalized,4/2/13,5,CHN,74,80,NA,NA,S,t,
90.8R,Naturalized,4/2/13,5,CHN,76,85,NA,5,S,f,
90.8R,Naturalized,4/2/13,5,CHN,75,82,NA,5,S,f,
90.8R,Naturalized,4/2/13,5,HH,192,209,NA,NA,NA,f,
90.8R,Naturalized,4/2/13,5,HH,164,181,NA,NA,NA,f,
90.8R,Naturalized,4/2/13,5,MSS,66,70,NA,NA,NA,f,
90.8R,Naturalized,4/2/13,5,SASQ,79,85,NA,NA,NA,f,
90.8R,Naturalized,4/2/13,5,SASU,101,107,NA,NA,NA,f,
90.8R,Naturalized,4/2/13,5,SASU,226,241,NA,NA,NA,f,
90.8R,Naturalized,4/2/13,5,SASU,233,241,NA,NA,NA,f,
90.8R,Naturalized,4/2/13,5,SASU,45,47,NA,NA,NA,f,
90.8R,Naturalized,4/2/13,5,TFS,96,109,NA,NA,NA,f,
90.8R,Naturalized,4/2/13,5,TFS,94,108,NA,NA,NA,f,
90.8R,Naturalized,4/2/13,5,TFS,92,107,NA,NA,NA,f,
90.8R,Naturalized,4/2/13,5,TFS,87,103,NA,NA,NA,f,
90.8R,Naturalized,4/2/13,5,TFS,111,128,NA,NA,NA,f,
90.8R,Naturalized,4/2/13,5,TFS,107,124,NA,NA,NA,f,
90.8R,Naturalized,4/2/13,5,TFS,109,125,NA,NA,NA,f,
90.8L,Unmitigated,4/2/13,5,CHN,74,80,NA,5,S,f,
90.8L,Unmitigated,4/2/13,5,GSN,81,85,NA,NA,NA,f,
90.8L,Unmitigated,4/2/13,5,SASQ,125,136,NA,NA,NA,f,
90.8L,Unmitigated,4/2/13,5,SASQ,124,135,NA,NA,NA,f,
90.8L,Unmitigated,4/2/13,5,SASQ,77,85,NA,NA,NA,f,
90.8L,Unmitigated,4/2/13,5,SASU,39,40,NA,NA,NA,t,
90.8L,Unmitigated,4/2/13,5,SASU,75,79,NA,NA,NA,f,
90.8L,Unmitigated,4/2/13,5,SASU,40,43,NA,NA,NA,f,
90.8L,Unmitigated,4/2/13,5,SASU,61,64,NA,NA,NA,f,
90.8L,Unmitigated,4/2/13,5,SASU,30,30,NA,NA,NA,f,
87.0L,Slope,4/2/13,5,CHN,77,84,NA,5,S,f,
87.0L,Slope,4/2/13,5,CHN,77,84,NA,5,S,f,
87.0L,Slope,4/2/13,5,CHN,74,80,NA,5,S,f,
87.0L,Slope,4/2/13,5,CHN,80,87,NA,5,S,f,
87.0L,Slope,4/2/13,5,CHN,80,87,NA,5,S,f,
87.0L,Slope,4/2/13,5,GSN,93,97,NA,NA,NA,f,
87.0L,Slope,4/2/13,5,SASQ,74,80,NA,NA,NA,f,
87.0L,Slope,4/2/13,5,SASQ,71,77,NA,NA,NA,f,
87.0L,Slope,4/2/13,5,SASQ,65,70,NA,NA,NA,f,
87.0L,Slope,4/2/13,5,SASQ,145,158,NA,NA,NA,f,
87.0L,Slope,4/2/13,5,SASQ,113,124,NA,NA,NA,f,
87.0L,Slope,4/2/13,5,SASQ,145,160,NA,NA,NA,f,
87.0L,Slope,4/2/13,5,SASQ,220,239,NA,NA,NA,f,
87.0L,Slope,4/2/13,5,SASQ,90,97,NA,NA,NA,f,
87.0L,Slope,4/2/13,5,SASU,59,62,NA,NA,NA,f,
87.0L,Slope,4/2/13,5,SASU,67,71,NA,NA,NA,f,
87.0L,Slope,4/2/13,5,SASU,79,84,NA,NA,NA,f,
87.0L,Slope,4/2/13,5,SASU,56,59,NA,NA,NA,f,
87.0L,Slope,4/2/13,5,SASU,243,259,NA,NA,NA,f,
87.0L,Slope,4/2/13,5,SASU,59,62,NA,NA,NA,f,
87.0L,Slope,4/2/13,5,SASU,56,59,NA,NA,NA,f,
87.0L,Slope,4/2/13,5,SASU,49,50,NA,NA,NA,f,
87.0L,Slope,4/2/13,5,SASU,60,62,NA,NA,NA,f,
85.6R,NoBench,4/2/13,5,BAS,71,74,NA,NA,NA,f,
85.6R,NoBench,4/2/13,5,BGS,41,42,NA,NA,NA,f,
85.6R,NoBench,4/2/13,5,CHN,75,82,NA,5,S,f,
85.6R,NoBench,4/2/13,5,HCH,109,123,NA,NA,NA,f,
85.6R,NoBench,4/2/13,5,SASQ,105,116,NA,NA,NA,f,
85.6R,NoBench,4/2/13,5,SASQ,60,64,NA,NA,NA,f,
85.6R,NoBench,4/2/13,5,SASU,61,65,NA,NA,NA,f,
85.6R,NoBench,4/2/13,5,SCP,NA,104,NA,NA,NA,f,
85.6R,NoBench,4/2/13,5,BAS,164,173,NA,NA,NA,f,
85.6R,NoBench,4/2/13,5,TP,86,91,NA,NA,NA,f,
85.6R,NoBench,4/2/13,5,TP,87,91,NA,NA,NA,f,
85.6R,NoBench,4/2/13,5,TP,77,81,NA,NA,NA,f,
85.6R,NoBench,4/2/13,5,W,68,70,NA,NA,NA,f,
85.6L,Unmitigated,4/2/13,5,CHN,72,78,NA,5,F,f,
85.6L,Unmitigated,4/2/13,5,MSS,56,61,NA,NA,NA,f,
85.6L,Unmitigated,4/2/13,5,SASQ,66,72,NA,NA,NA,f,
85.6L,Unmitigated,4/2/13,5,SASU,260,275,NA,NA,NA,f,
85.6L,Unmitigated,4/2/13,5,SASU,103,110,NA,NA,NA,f,
85.6L,Unmitigated,4/2/13,5,SASU,60,64,NA,NA,NA,f,
85.6L,Unmitigated,4/2/13,5,SASU,NA,NA,NA,NA,NA,f,
85.6L,Unmitigated,4/2/13,5,SPLT,213,255,NA,NA,NA,f,
85.6L,Unmitigated,4/2/13,5,TP,82,87,NA,NA,NA,f,
91.9R,Naturalized,4/22/13,6,CHN,79,86,NA,5,F,f,
91.9R,Naturalized,4/22/13,6,CHN,87,92,NA,5,S,f,
91.9R,Naturalized,4/22/13,6,HH,186,206,NA,NA,NA,f,
91.9R,Naturalized,4/22/13,6,SASU,134,142,NA,NA,NA,f,
91.9R,Naturalized,4/22/13,6,SASU,84,90,NA,NA,NA,f,
91.9R,Naturalized,4/22/13,6,SASU,84,91,NA,NA,NA,f,
91.9R,Naturalized,4/22/13,6,SASU,71,75,NA,NA,NA,f,
91.9R,Naturalized,4/22/13,6,SASU,76,82,NA,NA,NA,f,
91.9R,Naturalized,4/22/13,6,SASU,50,53,NA,NA,NA,f,
91.9R,Naturalized,4/22/13,6,TP,83,90,NA,NA,NA,f,
90.8R,Naturalized,4/22/13,6,C,195,220,NA,NA,NA,f,
90.8R,Naturalized,4/22/13,6,CHN,86,92,NA,5,S,f,
90.8R,Naturalized,4/22/13,6,CHN,84,90,NA,5,S,f,
90.8R,Naturalized,4/22/13,6,SASU,220,232,NA,NA,NA,f,
90.8R,Naturalized,4/22/13,6,SASU,83,88,NA,NA,NA,f,
90.8L,Unmitigated,4/22/13,6,CHC,355,390,NA,NA,NA,f,
90.8L,Unmitigated,4/22/13,6,CHN,88,96,NA,5,S,f,
90.8L,Unmitigated,4/22/13,6,HH,205,220,NA,NA,NA,f,
90.8L,Unmitigated,4/22/13,6,SASQ,115,127,NA,NA,NA,f,
90.8L,Unmitigated,4/22/13,6,SASQ,103,113,NA,NA,NA,f,
90.8L,Unmitigated,4/22/13,6,SASQ,140,153,NA,NA,NA,f,
90.8L,Unmitigated,4/22/13,6,SASQ,124,132,NA,NA,NA,f,
90.8L,Unmitigated,4/22/13,6,SASU,151,158,NA,NA,NA,f,
90.8L,Unmitigated,4/22/13,6,SASU,68,73,NA,NA,NA,f,
90.8L,Unmitigated,4/22/13,6,SASU,90,95,NA,NA,NA,f,
90.8L,Unmitigated,4/22/13,6,SASU,108,112,NA,NA,NA,f,
90.8L,Unmitigated,4/22/13,6,SASU,93,98,NA,NA,NA,f,
90.8L,Unmitigated,4/22/13,6,SASU,71,75,NA,NA,NA,f,
90.8L,Unmitigated,4/22/13,6,SASU,69,73,NA,NA,NA,f,
90.8L,Unmitigated,4/22/13,6,SASU,NA,NA,NA,NA,NA,f,
90.8L,Unmitigated,4/22/13,6,SASU,NA,NA,NA,NA,NA,f,
90.8L,Unmitigated,4/22/13,6,SASU,NA,NA,NA,NA,NA,f,
90.8L,Unmitigated,4/22/13,6,SASU,NA,NA,NA,NA,NA,f,
90.8L,Unmitigated,4/22/13,6,TP,95,100,NA,NA,NA,f,
87.0L,Slope,4/22/13,6,SASU,116,125,NA,NA,NA,f,
87.0L,Slope,4/22/13,6,SASU,50,52,NA,NA,NA,f,
87.0L,Slope,4/22/13,6,SASU,59,63,NA,NA,NA,f,
85.6R,NoBench,4/22/13,6,BAS,105,107,NA,NA,NA,f,
85.6R,NoBench,4/22/13,6,BAS,80,83,NA,NA,NA,f,
85.6R,NoBench,4/22/13,6,BGS,104,109,NA,NA,NA,f,
85.6R,NoBench,4/22/13,6,SASU,88,93,NA,NA,NA,f,
85.6R,NoBench,4/22/13,6,SASU,86,91,NA,NA,NA,f,
85.6R,NoBench,4/22/13,6,SASU,55,58,NA,NA,NA,f,
85.6R,NoBench,4/22/13,6,TP,83,86,NA,NA,NA,f,
85.6R,NoBench,4/22/13,6,TP,90,95,NA,NA,NA,f,
85.6R,NoBench,4/22/13,6,TP,113,120,NA,NA,NA,f,
85.6R,NoBench,4/22/13,6,TP,87,93,NA,NA,NA,f,
85.6R,NoBench,4/22/13,6,TP,90,95,NA,NA,NA,f,
85.6R,NoBench,4/22/13,6,TP,85,91,NA,NA,NA,f,
85.6L,Unmitigated,4/22/13,6,CHN,83,90,NA,5,F,f,AD CLIP 
85.6L,Unmitigated,4/22/13,6,SASQ,125,135,NA,NA,NA,f,
85.6L,Unmitigated,4/22/13,6,SASQ,168,185,NA,NA,NA,f,
85.6L,Unmitigated,4/22/13,6,SASQ,95,103,NA,NA,NA,f,
85.6L,Unmitigated,4/22/13,6,SASU,50,54,NA,NA,NA,f,
85.6L,Unmitigated,4/22/13,6,SASU,60,64,NA,NA,NA,f,
85.6L,Unmitigated,4/22/13,6,SASU,88,93,NA,NA,NA,f,
85.6L,Unmitigated,4/22/13,6,SASU,111,118,NA,NA,NA,f,
85.6L,Unmitigated,4/22/13,6,SASU,308,320,NA,NA,NA,f,
85.6L,Unmitigated,4/22/13,6,SASU,216,234,NA,NA,NA,f,
85.6L,Unmitigated,4/22/13,6,SASU,300,310,NA,NA,NA,f,
85.6L,Unmitigated,4/22/13,6,SASU,36,38,NA,NA,NA,f,
85.6L,Unmitigated,4/22/13,6,STB,445,470,NA,NA,NA,f,
72.2R,Bench,4/22/13,6,BAS,190,200,NA,NA,NA,f,
72.2R,Bench,4/22/13,6,CHN,77,80,NA,5,F,f,
72.2R,Bench,4/22/13,6,CHN,80,87,NA,NA,F,f,
72.2R,Bench,4/22/13,6,CHN,80,87,NA,NA,F,f,
72.2R,Bench,4/22/13,6,CHN,95,101,NA,NA,S,f,
72.2R,Bench,4/22/13,6,CHN,88,96,NA,NA,S,f,
72.2R,Bench,4/22/13,6,SASQ,110,122,NA,NA,NA,f,
72.2R,Bench,4/22/13,6,STB,710,750,NA,NA,NA,f,
69.9R,NoBench,4/22/13,6,BAS,103,106,NA,NA,NA,f,
69.9R,NoBench,4/22/13,6,BAS,103,106,NA,NA,NA,f,
69.9R,NoBench,4/22/13,6,BAS,103,105,NA,NA,NA,f,
69.9R,NoBench,4/22/13,6,BAS,82,84,NA,NA,NA,f,
69.9R,NoBench,4/22/13,6,BAS,85,87,NA,NA,NA,f,
69.9R,NoBench,4/22/13,6,BAS,87,88,NA,NA,NA,f,
69.9R,NoBench,4/22/13,6,BAS,58,59,NA,NA,NA,f,
69.9R,NoBench,4/22/13,6,BAS,69,72,NA,NA,NA,f,
69.9R,NoBench,4/22/13,6,CHN,75,81,NA,NA,F,f,
69.9R,NoBench,4/22/13,6,CHN,88,95,NA,5,S,t,
69.9R,NoBench,4/22/13,6,SASQ,185,205,NA,NA,NA,f,
69.9R,NoBench,4/22/13,6,SASQ,82,90,NA,NA,NA,f,
69.9R,NoBench,4/22/13,6,SASQ,250,270,NA,NA,NA,f,
69.9R,NoBench,4/22/13,6,SCP,NA,100,NA,NA,NA,f,
69.9R,NoBench,4/22/13,6,SCP,NA,103,NA,NA,NA,f,
69.9R,NoBench,4/22/13,6,SCP,NA,101,NA,NA,NA,f,
69.9R,NoBench,4/22/13,6,SCP,NA,82,NA,NA,NA,f,
69.9R,NoBench,4/22/13,6,TFS,88,98,NA,NA,NA,f,
69.1L,Naturalized,4/22/13,6,BAS,154,160,NA,NA,NA,f,
69.1L,Naturalized,4/22/13,6,CHN,78,85,NA,5,F,f,
69.1L,Naturalized,4/22/13,6,CHN,76,82,NA,5,F,f,
69.1L,Naturalized,4/22/13,6,CHN,88,93,NA,5,S,f,
69.1L,Naturalized,4/22/13,6,SASQ,163,173,NA,NA,NA,f,
69.1L,Naturalized,4/22/13,6,SASQ,99,106,NA,NA,NA,f,
69.1L,Naturalized,4/22/13,6,SASQ,145,160,NA,NA,NA,f,
69.1L,Naturalized,4/22/13,6,SASQ,310,325,NA,NA,NA,f,
69.1L,Naturalized,4/22/13,6,SASQ,NA,NA,NA,NA,NA,f,
69.1L,Naturalized,4/22/13,6,SASU,76,80,NA,NA,NA,f,
69.1L,Naturalized,4/22/13,6,SASU,60,64,NA,NA,NA,f,
69.1L,Naturalized,4/22/13,6,SASU,53,55,NA,NA,NA,t,
69.1L,Naturalized,4/22/13,6,SASU,70,74,NA,NA,NA,f,
56.0R,Unmitigated,4/22/13,6,CHN,71,77,NA,NA,F,f,
56.0R,Unmitigated,4/22/13,6,GSF,88,90,NA,NA,NA,f,
56.0R,Unmitigated,4/22/13,6,SCP,NA,101,NA,NA,NA,f,
56.0R,Unmitigated,4/22/13,6,TP,118,125,NA,NA,NA,f,
50.3R,Naturalized,4/23/13,6,BGS,45,46,NA,NA,NA,f,
50.3R,Naturalized,4/23/13,6,BGS,45,46,NA,NA,NA,f,
50.3R,Naturalized,4/23/13,6,HCH,122,135,NA,NA,NA,f,
50.3R,Naturalized,4/23/13,6,HCH,90,100,NA,NA,NA,f,
50.3R,Naturalized,4/23/13,6,SASQ,73,77,NA,NA,NA,f,
50.2L,NoBench,4/23/13,6,BGS,95,100,NA,NA,NA,f,
50.2L,NoBench,4/23/13,6,CHN,80,88,NA,5,F,f,
50.2L,NoBench,4/23/13,6,CHN,82,89,NA,5,F,f,
50.2L,NoBench,4/23/13,6,CHN,77,85,NA,5,F,f,
50.2L,NoBench,4/23/13,6,CHN,78,85,NA,5,F,f,
50.2L,NoBench,4/23/13,6,CHN,71,76,NA,NA,F,f,
50.2L,NoBench,4/23/13,6,SCP,NA,85,NA,NA,NA,f,
50.2L,NoBench,4/23/13,6,SCP,NA,NA,NA,NA,NA,f,
47.9R,Slope,4/23/13,6,BAS,87,90,NA,NA,NA,f,
47.9R,Slope,4/23/13,6,BAS,93,95,NA,NA,NA,f,
47.9R,Slope,4/23/13,6,BAS,355,370,NA,NA,NA,f,
47.9R,Slope,4/23/13,6,BAS,252,263,NA,NA,NA,f,
47.9R,Slope,4/23/13,6,BAS,102,107,NA,NA,NA,f,
47.9R,Slope,4/23/13,6,CHN,85,90,NA,5,S,f,
47.9R,Slope,4/23/13,6,SCP,NA,80,NA,NA,NA,f,
47.9R,Slope,4/23/13,6,SCP,NA,110,NA,NA,NA,f,
47.9R,Slope,4/23/13,6,SCP,NA,122,NA,NA,NA,f,
47.9R,Slope,4/23/13,6,SCP,NA,78,NA,NA,NA,f,
47.9R,Slope,4/23/13,6,SCP,NA,84,NA,NA,NA,f,
47.9R,Slope,4/23/13,6,SCP,NA,92,NA,NA,NA,f,
47.9R,Slope,4/23/13,6,SCP,NA,96,NA,NA,NA,f,
47.9R,Slope,4/23/13,6,SCP,NA,106,NA,NA,NA,f,
47.9R,Slope,4/23/13,6,TP,96,NA,NA,NA,NA,f,
47.0L,Slope,4/23/13,6,BAS,360,378,NA,NA,NA,f,
47.0L,Slope,4/23/13,6,BAS,330,350,NA,NA,NA,f,
47.0L,Slope,4/23/13,6,BAS,126,132,NA,NA,NA,f,
47.0L,Slope,4/23/13,6,CHN,84,92,NA,5,F,t,
47.0L,Slope,4/23/13,6,CHN,82,90,NA,5,F,f,
47.0L,Slope,4/23/13,6,CHN,78,85,NA,5,F,f,
47.0L,Slope,4/23/13,6,CHN,71,76,NA,5,F,f,
47.0L,Slope,4/23/13,6,CHN,74,80,NA,5,F,f,
47.0L,Slope,4/23/13,6,CHN,74,78,NA,5,F,f,
47.0L,Slope,4/23/13,6,CHN,80,87,NA,5,F,f,
47.0L,Slope,4/23/13,6,CHN,82,90,NA,5,F,f,
47.0L,Slope,4/23/13,6,CHN,76,84,NA,5,F,f,
47.0L,Slope,4/23/13,6,CHN,82,90,NA,5,F,f,
47.0L,Slope,4/23/13,6,CHN,80,87,NA,5,F,f,
47.0L,Slope,4/23/13,6,CHN,83,88,NA,5,F,f,
47.0L,Slope,4/23/13,6,CHN,78,83,NA,5,F,f,
47.0L,Slope,4/23/13,6,CHN,84,92,NA,5,F,f,
47.0L,Slope,4/23/13,6,CHN,76,80,NA,5,F,f,
47.0L,Slope,4/23/13,6,SCP,NA,82,NA,NA,NA,f,
47.0L,Slope,4/23/13,6,SCP,NA,NA,NA,NA,NA,f,
44.7R,Slope,4/23/13,6,BAS,176,180,NA,NA,NA,f,
44.7R,Slope,4/23/13,6,BGS,100,106,NA,NA,NA,f,
44.7R,Slope,4/23/13,6,BGS,111,116,NA,NA,NA,f,
44.7R,Slope,4/23/13,6,BKS,121,125,NA,NA,NA,f,
44.7R,Slope,4/23/13,6,CHN,71,76,NA,5,F,t,
44.7R,Slope,4/23/13,6,CHN,80,87,NA,5,F,f,
44.7R,Slope,4/23/13,6,CHN,71,78,NA,5,F,f,
44.7R,Slope,4/23/13,6,GSF,110,112,NA,NA,NA,f,
44.7R,Slope,4/23/13,6,GSF,60,62,NA,NA,NA,f,
44.7R,Slope,4/23/13,6,GSF,98,100,NA,NA,NA,f,
44.7R,Slope,4/23/13,6,SASQ,NA,85,NA,NA,NA,f,
44.7R,Slope,4/23/13,6,SASQ,73,78,NA,NA,NA,f,
44.7R,Slope,4/23/13,6,SASQ,110,119,NA,NA,NA,f,
44.7R,Slope,4/23/13,6,SASQ,145,160,NA,NA,NA,f,
44.7R,Slope,4/23/13,6,SASU,114,120,NA,NA,NA,f,
44.7R,Slope,4/23/13,6,SCP,NA,75,NA,NA,NA,f,
44.7R,Slope,4/23/13,6,SCP,NA,85,NA,NA,NA,f,
44.7R,Slope,4/23/13,6,SCP,NA,100,NA,NA,NA,f,
44.7R,Slope,4/23/13,6,SCP,NA,86,NA,NA,NA,f,
44.7R,Slope,4/23/13,6,SCP,NA,91,NA,NA,NA,f,
44.7R,Slope,4/23/13,6,SCP,NA,81,NA,NA,NA,f,
44.7R,Slope,4/23/13,6,SCP,NA,78,NA,NA,NA,f,
44.7R,Slope,4/23/13,6,SCP,NA,82,NA,NA,NA,f,
44.7R,Slope,4/23/13,6,SCP,NA,102,NA,NA,NA,f,
44.7R,Slope,4/23/13,6,SCP,NA,87,NA,NA,NA,f,
44.7R,Slope,4/23/13,6,SCP,NA,71,NA,NA,NA,f,
44.7R,Slope,4/23/13,6,SCP,NA,105,NA,NA,NA,f,
44.7R,Slope,4/23/13,6,TP,122,127,NA,NA,NA,f,
43.7R,Slope,4/23/13,6,BAS,88,90,NA,NA,NA,f,
43.7R,Slope,4/23/13,6,BAS,80,83,NA,NA,NA,f,
43.7R,Slope,4/23/13,6,BAS,75,76,NA,NA,NA,f,
43.7R,Slope,4/23/13,6,BAS,310,325,NA,NA,NA,f,
43.7R,Slope,4/23/13,6,BAS,226,232,NA,NA,NA,f,
43.7R,Slope,4/23/13,6,BAS,218,228,NA,NA,NA,f,
43.7R,Slope,4/23/13,6,BGS,114,120,NA,NA,NA,f,
43.7R,Slope,4/23/13,6,SASQ,138,149,NA,NA,NA,f,
43.7R,Slope,4/23/13,6,SCP,NA,80,NA,NA,NA,f,FUNGUS 
43.7R,Slope,4/23/13,6,SPLT,210,250,NA,NA,NA,f,
43.7R,Slope,4/23/13,6,SPLT,260,303,NA,NA,NA,f,
72.2R,Bench,4/3/13,5,BAS,91,96,NA,NA,NA,f,
72.2R,Bench,4/3/13,5,BAS,121,130,NA,NA,NA,f,
72.2R,Bench,4/3/13,5,BAS,99,102,NA,NA,NA,f,
72.2R,Bench,4/3/13,5,BAS,80,83,NA,NA,NA,f,
72.2R,Bench,4/3/13,5,BAS,92,95,NA,NA,NA,f,
72.2R,Bench,4/3/13,5,BAS,124,132,NA,NA,NA,f,
72.2R,Bench,4/3/13,5,BAS,71,73,NA,NA,NA,f,
72.2R,Bench,4/3/13,5,BAS,92,95,NA,NA,NA,f,
72.2R,Bench,4/3/13,5,BAS,93,97,NA,NA,NA,f,
72.2R,Bench,4/3/13,5,BAS,90,93,NA,NA,NA,f,
72.2R,Bench,4/3/13,5,BAS,NA,NA,NA,NA,NA,f,
72.2R,Bench,4/3/13,5,CHN,63,68,NA,3,F,f,
72.2R,Bench,4/3/13,5,CHN,71,77,NA,3,F,f,
72.2R,Bench,4/3/13,5,CHN,66,71,NA,3,F,f,
72.2R,Bench,4/3/13,5,CHN,70,76,NA,3,F,f,
72.2R,Bench,4/3/13,5,GSF,108,112,NA,NA,NA,f,
72.2R,Bench,4/3/13,5,BAS,351,374,NA,NA,NA,f,
72.2R,Bench,4/3/13,5,SASQ,91,100,NA,NA,NA,f,
72.2R,Bench,4/3/13,5,SASQ,77,81,NA,NA,NA,f,
72.2R,Bench,4/3/13,5,SASQ,79,86,NA,NA,NA,f,
72.2R,Bench,4/3/13,5,BAS,269,281,NA,NA,NA,f,
72.2R,Bench,4/3/13,5,BAS,177,190,NA,NA,NA,f,
72.2R,Bench,4/3/13,5,STB,458,488,NA,NA,NA,f,
72.2R,Bench,4/3/13,5,WHC,225,238,NA,NA,NA,f,
69.9R,NoBench,4/3/13,5,BAS,74,79,NA,NA,NA,f,
69.9R,NoBench,4/3/13,5,BAS,74,79,NA,NA,NA,f,
69.9R,NoBench,4/3/13,5,BAS,87,92,NA,NA,NA,f,
69.9R,NoBench,4/3/13,5,BAS,88,93,NA,NA,NA,f,
69.9R,NoBench,4/3/13,5,BAS,76,81,NA,NA,NA,f,
69.9R,NoBench,4/3/13,5,BAS,96,102,NA,NA,NA,f,
69.9R,NoBench,4/3/13,5,BAS,78,82,NA,NA,NA,f,
69.9R,NoBench,4/3/13,5,BAS,80,84,NA,NA,NA,f,
69.9R,NoBench,4/3/13,5,BAS,88,93,NA,NA,NA,f,
69.9R,NoBench,4/3/13,5,BAS,87,92,NA,NA,NA,f,
69.9R,NoBench,4/3/13,5,BAS,NA,NA,NA,NA,NA,f,
69.9R,NoBench,4/3/13,5,BAS,76,80,NA,NA,NA,f,
69.9R,NoBench,4/3/13,5,BAS,68,72,NA,NA,NA,f,
69.9R,NoBench,4/3/13,5,BAS,65,68,NA,NA,NA,f,
69.9R,NoBench,4/3/13,5,BAS,71,75,NA,NA,NA,f,
69.9R,NoBench,4/3/13,5,BAS,95,100,NA,NA,NA,f,
69.9R,NoBench,4/3/13,5,BAS,69,73,NA,NA,NA,f,
69.9R,NoBench,4/3/13,5,BAS,70,74,NA,NA,NA,f,
69.9R,NoBench,4/3/13,5,BAS,72,77,NA,NA,NA,f,
69.9R,NoBench,4/3/13,5,BAS,79,84,NA,NA,NA,f,
69.9R,NoBench,4/3/13,5,BAS,66,70,NA,NA,NA,f,
69.9R,NoBench,4/3/13,5,CHN,70,77,NA,3,F,f,
69.9R,NoBench,4/3/13,5,CHN,66,72,NA,3,F,f,
69.9R,NoBench,4/3/13,5,CHN,70,77,NA,3,F,f,
69.9R,NoBench,4/3/13,5,CHN,73,81,NA,3,F,f,
69.9R,NoBench,4/3/13,5,CHN,83,91,NA,5,S,f,
69.9R,NoBench,4/3/13,5,CHN,79,86,NA,5,S,f,
69.9R,NoBench,4/3/13,5,GSF,93,95,NA,NA,NA,f,
69.9R,NoBench,4/3/13,5,BAS,150,160,NA,NA,NA,f,
69.9R,NoBench,4/3/13,5,BAS,141,150,NA,NA,NA,f,
69.9R,NoBench,4/3/13,5,SASQ,137,150,NA,NA,NA,f,
69.9R,NoBench,4/3/13,5,SASQ,82,91,NA,NA,NA,f,
69.9R,NoBench,4/3/13,5,SASQ,144,159,NA,NA,NA,f,
69.9R,NoBench,4/3/13,5,SASQ,110,122,NA,NA,NA,f,
69.9R,NoBench,4/3/13,5,SASQ,180,197,NA,NA,NA,f,
69.9R,NoBench,4/3/13,5,SCP,NA,108,NA,NA,NA,f,
69.9R,NoBench,4/3/13,5,SCP,NA,85,NA,NA,NA,f,
69.9R,NoBench,4/3/13,5,SCP,NA,120,NA,NA,NA,f,
69.9R,NoBench,4/3/13,5,TP,93,100,NA,NA,NA,f,
69.1L,Naturalized,4/3/13,5,BAS,95,100,NA,NA,NA,f,
69.1L,Naturalized,4/3/13,5,BAS,82,86,NA,NA,NA,f,
69.1L,Naturalized,4/3/13,5,CHN,68,75,NA,NA,F,t,
69.1L,Naturalized,4/3/13,5,CHN,62,67,NA,NA,F,t,
69.1L,Naturalized,4/3/13,5,CHN,67,74,NA,3,F,f,
69.1L,Naturalized,4/3/13,5,CHN,61,73,NA,3,F,f,
69.1L,Naturalized,4/3/13,5,CHN,68,74,NA,3,F,f,
69.1L,Naturalized,4/3/13,5,CHN,59,65,NA,3,F,f,
69.1L,Naturalized,4/3/13,5,CHN,65,71,NA,3,F,f,
69.1L,Naturalized,4/3/13,5,CHN,76,84,NA,5,S,f,
69.1L,Naturalized,4/3/13,5,CHN,78,86,NA,3,S,f,
69.1L,Naturalized,4/3/13,5,LP,NA,80,NA,NA,NA,f,
69.1L,Naturalized,4/3/13,5,SASQ,163,179,NA,NA,NA,f,
69.1L,Naturalized,4/3/13,5,SASQ,100,111,NA,NA,NA,f,
69.1L,Naturalized,4/3/13,5,SASU,39,41,NA,NA,NA,f,
69.1L,Naturalized,4/3/13,5,SASU,48,50,NA,NA,NA,f,
56.0R,Unmitigated,4/3/13,5,BAS,79,84,NA,NA,NA,f,
56.0R,Unmitigated,4/3/13,5,BAS,78,83,NA,NA,NA,f,
56.0R,Unmitigated,4/3/13,5,BAS,90,95,NA,NA,NA,f,
56.0R,Unmitigated,4/3/13,5,BAS,170,180,NA,NA,NA,f,
56.0R,Unmitigated,4/3/13,5,C,85,96,NA,NA,NA,f,
56.0R,Unmitigated,4/3/13,5,CHN,69,75,NA,3,F,f,
56.0R,Unmitigated,4/3/13,5,CHN,80,88,NA,5,S,f,
56.0R,Unmitigated,4/3/13,5,CHN,81,88,NA,5,S,f,
56.0R,Unmitigated,4/3/13,5,CHN,77,84,NA,5,S,f,
56.0R,Unmitigated,4/3/13,5,SASQ,169,183,NA,NA,NA,f,
56.0R,Unmitigated,4/3/13,5,SCP,NA,120,NA,NA,NA,f,
56.0R,Unmitigated,4/3/13,5,SCP,NA,81,NA,NA,NA,f,
56.0R,Unmitigated,4/3/13,5,STB,510,548,NA,NA,NA,f,
56.0R,Unmitigated,4/3/13,5,TP,103,109,NA,NA,NA,f,
56.0R,Unmitigated,4/3/13,5,TP,100,109,NA,NA,NA,f,
56.0R,Unmitigated,4/3/13,5,TP,104,111,NA,NA,NA,f,
50.3R,Naturalized,4/3/13,5,CHN,58,62,NA,3,F,f,
50.3R,Naturalized,4/3/13,5,CHN,60,66,NA,3,F,f,
50.3R,Naturalized,4/3/13,5,CHN,60,65,NA,3,F,f,
50.3R,Naturalized,4/3/13,5,FHM,60,63,NA,NA,NA,f,
50.3R,Naturalized,4/3/13,5,FHM,288,304,NA,NA,NA,f,
50.3R,Naturalized,4/3/13,5,SASQ,140,153,NA,NA,NA,f,
50.3R,Naturalized,4/3/13,5,SASQ,145,160,NA,NA,NA,f,
50.3R,Naturalized,4/3/13,5,SASU,88,94,NA,NA,NA,f,
50.3R,Naturalized,4/3/13,5,SASU,79,84,NA,NA,NA,f,
50.2L,NoBench,4/3/13,5,BAS,70,72,NA,NA,NA,f,
50.2L,NoBench,4/3/13,5,BAS,60,61,NA,NA,NA,f,
50.2L,NoBench,4/3/13,5,BAS,71,73,NA,NA,NA,f,
50.2L,NoBench,4/3/13,5,BAS,183,193,NA,NA,NA,f,
50.2L,NoBench,4/3/13,5,BAS,73,76,NA,NA,NA,f,
50.2L,NoBench,4/3/13,5,BAS,71,73,NA,NA,NA,f,
50.2L,NoBench,4/3/13,5,BAS,89,93,NA,NA,NA,f,
50.2L,NoBench,4/3/13,5,BGS,115,122,NA,NA,NA,f,
50.2L,NoBench,4/3/13,5,CHN,55,60,NA,NA,F,t,
50.2L,NoBench,4/3/13,5,CHN,62,67,NA,NA,F,t,
50.2L,NoBench,4/3/13,5,CHN,63,68,NA,NA,F,t,
50.2L,NoBench,4/3/13,5,CHN,67,71,NA,3,F,f,
50.2L,NoBench,4/3/13,5,CHN,60,65,NA,3,F,f,
50.2L,NoBench,4/3/13,5,CHN,56,50,NA,3,F,f,
50.2L,NoBench,4/3/13,5,CHN,58,63,NA,3,F,f,
50.2L,NoBench,4/3/13,5,CHN,62,67,NA,3,F,f,
50.2L,NoBench,4/3/13,5,CHN,63,67,NA,3,F,f,
50.2L,NoBench,4/3/13,5,CHN,60,65,NA,3,F,f,
50.2L,NoBench,4/3/13,5,CHN,58,62,NA,3,F,f,
50.2L,NoBench,4/3/13,5,CHN,59,64,NA,3,F,f,
50.2L,NoBench,4/3/13,5,CHN,55,59,NA,3,F,f,
50.2L,NoBench,4/3/13,5,SASQ,111,122,NA,NA,NA,f,
50.2L,NoBench,4/3/13,5,SASU,69,72,NA,NA,NA,f,
50.2L,NoBench,4/3/13,5,SASU,62,64,NA,NA,NA,f,
50.2L,NoBench,4/3/13,5,SASU,77,82,NA,NA,NA,f,
50.2L,NoBench,4/3/13,5,SCP,NA,88,NA,NA,NA,f,
47.9R,Slope,4/3/13,5,CHN,57,63,NA,NA,F,t,
47.9R,Slope,4/3/13,5,CHN,61,66,NA,3,F,f,
47.9R,Slope,4/3/13,5,SCP,NA,100,NA,NA,NA,f,
47.9R,Slope,4/3/13,5,SCP,NA,75,NA,NA,NA,f,
47.9R,Slope,4/3/13,5,SCP,NA,97,NA,NA,NA,f,
47.0L,Slope,4/3/13,5,BAS,104,110,NA,NA,NA,f,
47.0L,Slope,4/3/13,5,BKS,111,118,NA,NA,NA,f,
47.0L,Slope,4/3/13,5,CHN,63,68,NA,NA,F,f,
47.0L,Slope,4/3/13,5,CHN,80,88,NA,5,S,t,
47.0L,Slope,4/3/13,5,BAS,NA,NA,NA,NA,NA,f,
47.0L,Slope,4/3/13,5,SCP,NA,81,NA,NA,NA,f,
47.0L,Slope,4/3/13,5,BAS,325,340,NA,NA,NA,f,
47.0L,Slope,4/3/13,5,BAS,368,386,NA,NA,NA,f,
47.0L,Slope,4/3/13,5,SPLT,270,305,NA,NA,NA,f,
47.0L,Slope,4/3/13,5,SPLT,199,239,NA,NA,NA,f,
47.0L,Slope,4/3/13,5,TP,85,90,NA,NA,NA,f,
44.7R,Slope,4/3/13,5,BAS,81,86,NA,NA,NA,f,
44.7R,Slope,4/3/13,5,BAS,72,76,NA,NA,NA,f,
44.7R,Slope,4/3/13,5,BAS,75,79,NA,NA,NA,f,
44.7R,Slope,4/3/13,5,BAS,72,76,NA,NA,NA,f,
44.7R,Slope,4/3/13,5,BAS,68,72,NA,NA,NA,f,
44.7R,Slope,4/3/13,5,BAS,142,149,NA,NA,NA,f,
44.7R,Slope,4/3/13,5,BGS,108,114,NA,NA,NA,f,
44.7R,Slope,4/3/13,5,BGS,109,115,NA,NA,NA,f,
44.7R,Slope,4/3/13,5,BGS,67,71,NA,NA,NA,f,
44.7R,Slope,4/3/13,5,BGS,84,89,NA,NA,NA,f,
44.7R,Slope,4/3/13,5,BGS,136,148,NA,NA,NA,f,
44.7R,Slope,4/3/13,5,CHN,60,65,NA,NA,F,t,
44.7R,Slope,4/3/13,5,CHN,60,65,NA,NA,F,t,
44.7R,Slope,4/3/13,5,CHN,60,65,NA,3,F,f,
44.7R,Slope,4/3/13,5,CHN,58,63,NA,3,F,f,
44.7R,Slope,4/3/13,5,CHN,58,63,NA,3,F,f,
44.7R,Slope,4/3/13,5,CHN,57,62,NA,3,F,f,
44.7R,Slope,4/3/13,5,CHN,63,68,NA,3,F,f,
44.7R,Slope,4/3/13,5,CHN,51,55,NA,3,F,f,
44.7R,Slope,4/3/13,5,CHN,58,63,NA,NA,F,f,
44.7R,Slope,4/3/13,5,CHN,62,66,NA,3,F,f,
44.7R,Slope,4/3/13,5,CHN,75,81,NA,5,S,f,
44.7R,Slope,4/3/13,5,LP,NA,87,NA,NA,NA,f,
44.7R,Slope,4/3/13,5,LP,NA,86,NA,NA,NA,f,
44.7R,Slope,4/3/13,5,SASQ,NA,240,NA,NA,NA,f,
44.7R,Slope,4/3/13,5,SASQ,134,145,NA,NA,NA,f,
44.7R,Slope,4/3/13,5,SASQ,155,170,NA,NA,NA,f,
44.7R,Slope,4/3/13,5,SASQ,76,85,NA,NA,NA,f,
44.7R,Slope,4/3/13,5,SASQ,89,99,NA,NA,NA,f,
44.7R,Slope,4/3/13,5,SASU,62,65,NA,NA,NA,f,
44.7R,Slope,4/3/13,5,SASU,59,62,NA,NA,NA,f,
44.7R,Slope,4/3/13,5,SCP,NA,95,NA,NA,NA,f,
44.7R,Slope,4/3/13,5,SCP,NA,83,NA,NA,NA,f,
44.7R,Slope,4/3/13,5,SCP,NA,80,NA,NA,NA,f,
44.7R,Slope,4/3/13,5,SCP,NA,82,NA,NA,NA,f,
44.7R,Slope,4/3/13,5,SCP,NA,86,NA,NA,NA,f,
44.7R,Slope,4/3/13,5,SCP,NA,79,NA,NA,NA,f,
44.7R,Slope,4/3/13,5,STB,202,218,NA,NA,NA,f,
44.7R,Slope,4/3/13,5,STB,471,507,NA,NA,NA,f,
44.7R,Slope,4/3/13,5,STB,414,445,NA,NA,NA,f,
44.7R,Slope,4/3/13,5,STB,590,630,NA,NA,NA,f,
44.7R,Slope,4/3/13,5,TP,108,116,NA,NA,NA,f,
43.7R,Slope,4/3/13,5,BAS,142,150,NA,NA,NA,f,
43.7R,Slope,4/3/13,5,BGS,100,107,NA,NA,NA,f,
43.7R,Slope,4/3/13,5,CHN,58,63,NA,3,F,f,
43.7R,Slope,4/3/13,5,CHN,62,67,NA,3,F,f,
43.7R,Slope,4/3/13,5,CHN,58,63,NA,3,F,f,
43.7R,Slope,4/3/13,5,CHN,58,62,NA,3,F,f,
43.7R,Slope,4/3/13,5,CHN,60,65,NA,3,F,f,
43.7R,Slope,4/3/13,5,BAS,201,214,NA,NA,NA,f,
43.7R,Slope,4/3/13,5,RES,87,92,NA,NA,NA,f,
43.7R,Slope,4/3/13,5,SASQ,160,175,NA,NA,NA,f,
43.7R,Slope,4/3/13,5,SASU,74,79,NA,NA,NA,f,
